edge,start_s,end_s,duration_s,lateral_bias_m,lateral_waviness_rms_m,lateral_peak_to_peak_m,heading_rmse_deg,cmd_w_rms_rad_s,zero_crossings_per_m
1,8.803839683532715,24.283907651901245,15.48006796836853,0.040171486525132846,0.007316298360083132,0.024254170717994728,2.260230214260262,0.011928061857507239,1.1571735858541765
2,31.084132194519043,46.88438415527344,15.800251960754395,0.02624328506615876,0.011004851286134815,0.039192176760975216,2.1941859815847615,0.025635601115213073,2.3155485198881496
3,53.24402689933777,69.20395946502686,15.959932565689087,0.025564035369728923,0.00792869101672381,0.029450954958989733,1.5557896724568756,0.010371082981020794,1.1548724496066232
4,75.72371530532837,91.6846706867218,15.960955381393433,0.026342275537466403,0.008632548936288977,0.036541285689048915,2.1798498526536565,0.025988351556345594,3.4737800549533255
5,98.2439637184143,114.08390998840332,15.839946269989014,0.03738419570232566,0.010631848879477235,0.04686382566419983,2.642548957487521,0.029377363495479633,1.154826394573317
6,120.88375735282898,136.76376914978027,15.880011796951294,0.029199461204631412,0.011557561688818602,0.0349158026819592,2.44647963604494,0.02894885742772316,1.1542861344356437
7,143.12409090995789,159.08387398719788,15.95978307723999,0.02882531527175804,0.007885527246083152,0.03227247297621211,1.9569431911192334,0.01984799983044389,1.1547336597656035
8,165.6841790676117,181.64403080940247,15.959851741790771,0.03001482324416176,0.007875253119656193,0.03466482578133641,2.3319518458301896,0.026757283852556667,2.312618483310752
9,188.20366668701172,204.04364824295044,15.83998155593872,0.04127668005036638,0.009710659870254766,0.0436424337263183,2.771633837777631,0.030160497687839252,1.1527954720454079
10,210.6438410282135,226.44403791427612,15.800196886062622,0.031336330365605736,0.011052660450481052,0.03518551013179999,2.2449238011636927,0.02397814699808867,1.1555544936092894
11,232.84416365623474,248.80362033843994,15.9594566822052,0.026587691199484058,0.008124381228453657,0.03668644314227877,2.0105705059674155,0.021804342158906614,1.155692985673006
12,255.20417761802673,271.2045006752014,16.000323057174683,0.02633369106851037,0.008437478516803437,0.03632485101331268,2.0780140884002267,0.023221169940482667,2.3070707317477215
