t,ros_time,controller,trajectory,run_id,odom_stamp,odom_x,odom_y,odom_yaw,odom_v,odom_w,camera_stamp,camera_x,camera_y,camera_yaw,camera_age_s,disturbance_event,control_paused,desired_stamp,desired_x,desired_y,desired_yaw,error_stamp,error_ex,error_ey,error_etheta,camera_error_ex,camera_error_ey,camera_error_etheta,cmd_stamp,cmd_v,cmd_w,espnow_link_stamp,espnow_rx_time,espnow_robot_time_ms,espnow_seq,espnow_interarrival_ms,espnow_seq_gap
0.04284095764160156,1784977614.399111,SMC,eight,eight_smc_tune_p02,nan,nan,nan,nan,nan,nan,nan,nan,nan,nan,nan,0,0,nan,nan,nan,nan,nan,nan,nan,nan,nan,nan,nan,nan,nan,nan,nan,nan,nan,nan,nan,nan
0.08309173583984375,1784977614.4393618,SMC,eight,eight_smc_tune_p02,1784977614.401248,-0.11650822498337071,0.023730301804076866,0.01270554074643207,9.762934919062961e-07,0.0002139769422016637,1784977614.4258912,-0.11650234428719249,0.02373140438785821,0.0127063668732936,0.013470649719238281,0,0,nan,nan,nan,nan,nan,nan,nan,nan,nan,nan,nan,1784977614.4348364,0.0,0.0,1784977614.3995275,14131.978515625,nan,nan,49.901126861572266,nan
0.12255215644836426,1784977614.4788222,SMC,eight,eight_smc_tune_p02,1784977614.4513357,-0.116507260659789,0.023730445490034995,0.012712702865193569,1.0482620626420235e-06,0.00020237727058375842,1784977614.4258912,-0.11650234428719249,0.02373140438785821,0.0127063668732936,0.05293107032775879,0,0,nan,nan,nan,nan,nan,nan,nan,nan,nan,nan,nan,1784977614.4746132,0.0,0.0,1784977614.4509838,14132.029296875,nan,nan,50.960121154785156,nan
0.1628251075744629,1784977614.5190952,SMC,eight,eight_smc_tune_p02,1784977614.5009646,-0.11650720871729375,0.023730446150400077,0.012722731683637238,1.0482620626420235e-06,0.00020237727058375842,1784977614.4258912,-0.11650234428719249,0.02373140438785821,0.0127063668732936,0.09320402145385742,0,0,nan,nan,nan,nan,nan,nan,nan,nan,nan,nan,nan,1784977614.5151095,0.0,0.0,1784977614.500943,14132.0791015625,nan,nan,50.094154357910156,nan
0.2033100128173828,1784977614.55958,SMC,eight,eight_smc_tune_p02,1784977614.5513344,-0.11650637995472508,0.02373057455235542,0.012724657569012556,1.247280757404354e-06,0.00018559310711514356,1784977614.543466,-0.11650234428719249,0.02373140438785821,0.0127063668732936,0.016113996505737305,0,0,nan,nan,nan,nan,nan,nan,nan,nan,nan,nan,nan,1784977614.5541563,0.0,0.0,1784977614.5542805,14132.130859375,nan,nan,52.059085845947266,nan
0.24311280250549316,1784977614.5993829,SMC,eight,eight_smc_tune_p02,1784977614.5513344,-0.11650637995472508,0.02373057455235542,0.012724657569012556,1.247280757404354e-06,0.00018559310711514356,1784977614.543466,-0.11650234428719249,0.02373140438785821,0.0127063668732936,0.055916786193847656,0,0,nan,nan,nan,nan,nan,nan,nan,nan,nan,nan,nan,1784977614.5951676,0.0,0.0,1784977614.5542805,14132.130859375,nan,nan,52.059085845947266,nan
0.2833271026611328,1784977614.6395972,SMC,eight,eight_smc_tune_p02,1784977614.6014998,-0.11650636967653841,0.023730574683366003,0.012731280287951592,8.684007175465242e-07,0.00017652299139190363,1784977614.6246178,-0.11650234428719249,0.02373140438785821,0.0127063668732936,0.014979362487792969,0,0,nan,nan,nan,nan,nan,nan,nan,nan,nan,nan,nan,1784977614.634745,0.0,0.0,1784977614.6010869,14132.1796875,nan,nan,48.72452926635742,nan
0.32289862632751465,1784977614.6791687,SMC,eight,eight_smc_tune_p02,1784977614.6511033,-0.11650569805506836,0.02373068343595795,0.012731234745180214,9.758574876015555e-07,0.00016004158824074323,1784977614.6246178,-0.11650234428719249,0.02373140438785821,0.0127063668732936,0.054550886154174805,0,0,nan,nan,nan,nan,nan,nan,nan,nan,nan,nan,nan,1784977614.6749198,0.0,0.0,1784977614.653062,14132.23046875,nan,nan,50.755008697509766,nan
0.3632807731628418,1784977614.7195508,SMC,eight,eight_smc_tune_p02,1784977614.7014225,-0.11650569092216737,0.02373068352685824,0.012736911062680286,6.802691673279611e-07,0.00015214848632951836,1784977614.6246178,-0.11650234428719249,0.02373140438785821,0.0127063668732936,0.09493303298950195,0,0,nan,nan,nan,nan,nan,nan,nan,nan,nan,nan,nan,1784977614.7145772,0.0,0.0,1784977614.7048972,14132.283203125,nan,nan,52.47771072387695,nan
0.4027061462402344,1784977614.7589762,SMC,eight,eight_smc_tune_p02,1784977614.7515402,-0.11650568754022783,0.023730683569985724,0.01274200393078711,4.716997799591903e-07,0.000144279280336411,1784977614.752575,-0.11650234428719249,0.02373140438785821,0.0127063668732936,0.0064013004302978516,0,0,nan,nan,nan,nan,nan,nan,nan,nan,nan,nan,nan,1784977614.754274,0.0,0.0,1784977614.7512243,14132.330078125,nan,nan,46.76268768310547,nan
0.44272756576538086,1784977614.7989976,SMC,eight,eight_smc_tune_p02,1784977614.7515402,-0.11650568754022783,0.023730683569985724,0.01274200393078711,4.716997799591903e-07,0.000144279280336411,1784977614.752575,-0.11650234428719249,0.02373140438785821,0.0127063668732936,0.046422719955444336,0,0,nan,nan,nan,nan,nan,nan,nan,nan,nan,nan,nan,1784977614.7944894,0.0,0.0,1784977614.7512243,14132.330078125,nan,nan,46.76268768310547,nan
0.48302316665649414,1784977614.8392932,SMC,eight,eight_smc_tune_p02,1784977614.8019123,-0.1165051016577056,0.023730781749322253,0.012738390039331781,5.943247004689613e-07,0.00012661066735104035,1784977614.8295658,-0.116508854223696,0.023743319581325906,0.012437719413479102,0.00972747802734375,0,0,nan,nan,nan,nan,nan,nan,nan,nan,nan,nan,nan,1784977614.8350167,0.0,0.0,1784977614.8030596,14132.380859375,nan,nan,51.17566680908203,nan
0.523045539855957,1784977614.8793156,SMC,eight,eight_smc_tune_p02,1784977614.8513863,-0.11650571882221,0.02373241061739147,0.012674074515198759,7.471045078743423e-08,3.289358449158058e-05,1784977614.8295658,-0.116508854223696,0.023743319581325906,0.012437719413479102,0.04974985122680664,0,0,nan,nan,nan,nan,nan,nan,nan,nan,nan,nan,nan,1784977614.8745968,0.0,0.0,1784977614.8509746,14132.4296875,nan,nan,48.65576171875,nan
0.5627636909484863,1784977614.9190338,SMC,eight,eight_smc_tune_p02,1784977614.9019516,-0.11650571820442947,0.023732410625121644,0.012675252280708598,5.228252494501854e-08,3.128063043357392e-05,1784977614.8295658,-0.116508854223696,0.023743319581325906,0.012437719413479102,0.08946800231933594,0,0,nan,nan,nan,nan,nan,nan,nan,nan,nan,nan,nan,1784977614.9150636,0.0,0.0,1784977614.9043543,14132.482421875,nan,nan,52.984859466552734,nan
0.60323166847229,1784977614.9595017,SMC,eight,eight_smc_tune_p02,1784977614.9510257,-0.11650571795817014,0.023732410628195734,0.012676269828909782,3.6305474842063695e-08,2.9670112254916167e-05,1784977614.9541216,-0.116508854223696,0.023743319581325906,0.012437719413479102,0.005380153656005859,0,0,nan,nan,nan,nan,nan,nan,nan,nan,nan,nan,nan,1784977614.9545424,0.0,0.0,1784977614.9514287,14132.529296875,nan,nan,46.37309646606445,nan
0.6436247825622559,1784977614.9998949,SMC,eight,eight_smc_tune_p02,1784977614.9510257,-0.11650571795817014,0.023732410628195734,0.012676269828909782,3.6305474842063695e-08,2.9670112254916167e-05,1784977614.9541216,-0.116508854223696,0.023743319581325906,0.012437719413479102,0.04577326774597168,0,0,nan,nan,nan,nan,nan,nan,nan,nan,nan,nan,nan,1784977614.9944727,0.0,0.0,1784977614.9514287,14132.529296875,nan,nan,46.37309646606445,nan
0.6826643943786621,1784977615.0389345,SMC,eight,eight_smc_tune_p02,1784977615.0009675,-0.11650625700686972,0.02373386894701591,0.012619189058133053,-2.144738682318888e-07,-4.1789698867669664e-05,1784977614.9541216,-0.116508854223696,0.023743319581325906,0.012437719413479102,0.08481287956237793,0,0,nan,nan,nan,nan,nan,nan,nan,nan,nan,nan,nan,1784977615.0348654,0.0,0.0,1784977615.0080423,14132.5859375,nan,nan,57.144775390625,nan
0.7229177951812744,1784977615.0791879,SMC,eight,eight_smc_tune_p02,1784977615.0511477,-0.11650669071778262,0.023735104362085896,0.012576737615532066,-3.9371384096217496e-07,-9.231329470317691e-05,1784977615.037538,-0.116508854223696,0.023743319581325906,0.012437719413479102,0.041649818420410156,0,0,nan,nan,nan,nan,nan,nan,nan,nan,nan,nan,nan,1784977615.074735,0.0,0.0,1784977615.0511956,14132.62890625,nan,nan,42.91550064086914,nan
0.7631447315216064,1784977615.1194148,SMC,eight,eight_smc_tune_p02,1784977615.1012602,-0.11650669407846521,0.023735104320430654,0.012573461035637196,-2.7688477327994437e-07,-8.781912459768343e-05,1784977615.037538,-0.116508854223696,0.023743319581325906,0.012437719413479102,0.08187675476074219,0,0,nan,nan,nan,nan,nan,nan,nan,nan,nan,nan,nan,1784977615.114832,0.0,0.0,1784977615.1018,14132.6796875,nan,nan,50.08488464355469,nan
0.8031744956970215,1784977615.1594446,SMC,eight,eight_smc_tune_p02,1784977615.151191,-0.11650706017188585,0.02373619202795863,0.01253988475329879,-4.142584364493061e-07,-0.00012332951764345163,1784977615.1471148,-0.116508854223696,0.023743319581325906,0.012437719413479102,0.012329816818237305,0,0,nan,nan,nan,nan,nan,nan,nan,nan,nan,nan,nan,1784977615.1545908,0.0,0.0,1784977615.1538718,14132.73046875,nan,nan,51.25664520263672,nan
0.8428864479064941,1784977615.1991565,SMC,eight,eight_smc_tune_p02,1784977615.151191,-0.11650706017188585,0.02373619202795863,0.01253988475329879,-4.142584364493061e-07,-0.00012332951764345163,1784977615.1471148,-0.116508854223696,0.023743319581325906,0.012437719413479102,0.05204176902770996,0,0,nan,nan,nan,nan,nan,nan,nan,nan,nan,nan,nan,1784977615.194335,0.0,0.0,1784977615.1538718,14132.73046875,nan,nan,51.25664520263672,nan
0.8826069831848145,1784977615.238877,SMC,eight,eight_smc_tune_p02,1784977615.2012286,-0.11650706390325012,0.023736191981678836,0.01253550285873377,-2.89056426798999e-07,-0.00011732125782998121,1784977615.2323825,-0.11650864242288078,0.02374246495846277,0.012431559907350145,0.0064945220947265625,0,0,nan,nan,nan,nan,nan,nan,nan,nan,nan,nan,nan,1784977615.2341325,0.0,0.0,1784977615.2009606,14132.779296875,nan,nan,49.28270721435547,nan
0.9229321479797363,1784977615.2792022,SMC,eight,eight_smc_tune_p02,1784977615.2510715,-0.11650732673907332,0.023737007389375387,0.012508499591788761,-3.457719970827112e-07,-0.00014070208185915263,1784977615.2323825,-0.11650864242288078,0.02374246495846277,0.012431559907350145,0.04681968688964844,0,0,nan,nan,nan,nan,nan,nan,nan,nan,nan,nan,nan,1784977615.27462,0.0,0.0,1784977615.253535,14132.8310546875,nan,nan,51.00029754638672,nan
0.9628875255584717,1784977615.3191576,SMC,eight,eight_smc_tune_p02,1784977615.3011904,-0.11650732948069936,0.023737007355357918,0.012503514351832931,-2.411438283224381e-07,-0.0001338073746691292,1784977615.2323825,-0.11650864242288078,0.02374246495846277,0.012431559907350145,0.08677506446838379,0,0,nan,nan,nan,nan,nan,nan,nan,nan,nan,nan,nan,1784977615.3151433,0.0,0.0,1784977615.3029082,14132.880859375,nan,nan,50.008243560791016,nan
1.0026276111602783,1784977615.3588977,SMC,eight,eight_smc_tune_p02,1784977615.3509903,-0.11650755229761856,0.02373773026326176,0.01248336760736085,-3.0180484325073097e-07,-0.00014744068991576583,1784977615.3455648,-0.11650864242288078,0.02374246495846277,0.012431559907350145,0.013332843780517578,0,0,nan,nan,nan,nan,nan,nan,nan,nan,nan,nan,nan,1784977615.3541117,0.0,0.0,1784977615.353013,14132.9306640625,nan,nan,50.37263870239258,nan
1.042611837387085,1784977615.398882,SMC,eight,eight_smc_tune_p02,1784977615.3509903,-0.11650755229761856,0.02373773026326176,0.01248336760736085,-3.0180484325073097e-07,-0.00014744068991576583,1784977615.3455648,-0.11650864242288078,0.02374246495846277,0.012431559907350145,0.05331707000732422,0,0,nan,nan,nan,nan,nan,nan,nan,nan,nan,nan,nan,1784977615.3948045,0.0,0.0,1784977615.353013,14132.9306640625,nan,nan,50.37263870239258,nan
1.0831584930419922,1784977615.4394286,SMC,eight,eight_smc_tune_p02,1784977615.4011254,-0.11650755493536011,0.0237377302304944,0.012478127767181976,-2.1059188612610292e-07,-0.00014023771121562018,1784977615.42526,-0.11650864242288078,0.02374246495846277,0.012431559907350145,0.014168500900268555,0,0,1784977615.4350955,-0.11650755493536011,0.0237377302304944,0.012478127767181976,nan,nan,nan,nan,1.0285449512724404e-06,-4.74788092998205e-06,4.6567859831831565e-05,1784977615.4351604,0.0,0.0,1784977615.4081442,14132.9853515625,nan,nan,54.0981330871582,nan
1.1229000091552734,1784977615.47917,SMC,eight,eight_smc_tune_p02,1784977615.4510982,-0.11650773483483731,0.023738341655784957,0.012463242448558785,-2.393026782687162e-07,-0.00014583586859820958,1784977615.42526,-0.11650864242288078,0.02374246495846277,0.012431559907350145,0.053910017013549805,0,0,1784977615.4748826,-0.11650773483483731,0.023738341655784957,0.012463242448558785,nan,nan,nan,nan,8.562601494028323e-07,-4.134266511249818e-06,3.1682541208640294e-05,1784977615.4749537,0.0,0.0,1784977615.4527004,14133.0302734375,nan,nan,45.51276397705078,nan
1.162933588027954,1784977615.5192037,SMC,eight,eight_smc_tune_p02,1784977615.5019922,-0.11650773680311972,0.02373834163130842,0.012457989596381861,-1.6720916586015133e-07,-0.00013864045331611827,1784977615.42526,-0.11650864242288078,0.02374246495846277,0.012431559907350145,0.09394359588623047,0,0,1784977615.5145516,-0.11650773680311972,0.02373834163130842,0.012457989596381861,nan,nan,nan,nan,8.542917148079003e-07,-4.134266517706872e-06,2.6429689031716788e-05,1784977615.5146756,0.0,0.0,1784977615.502805,14133.080078125,nan,nan,49.70664978027344,nan
1.2030084133148193,1784977615.5592785,SMC,eight,eight_smc_tune_p02,1784977615.5513842,-0.11650773757148468,0.023738341621719977,0.012453470318964089,-1.1695198613529819e-07,-0.0001315179189032211,1784977615.549186,-0.11650864242288078,0.02374246495846277,0.012431559907350145,0.010092496871948242,0,0,1784977615.554262,-0.11650773757148468,0.023738341621719977,0.012453470318964089,nan,nan,nan,nan,8.535232900289047e-07,-4.13426655367818e-06,2.1910411613944303e-05,1784977615.55431,0.0,0.0,1784977615.5536788,14133.1298828125,nan,nan,49.838016510009766,nan
1.2427387237548828,1784977615.5990088,SMC,eight,eight_smc_tune_p02,1784977615.5513842,-0.11650773757148468,0.023738341621719977,0.012453470318964089,-1.1695198613529819e-07,-0.0001315179189032211,1784977615.549186,-0.11650864242288078,0.02374246495846277,0.012431559907350145,0.04982280731201172,0,0,1784977615.594459,-0.11650773757148468,0.023738341621719977,0.012453470318964089,nan,nan,nan,nan,8.535232900289047e-07,-4.13426655367818e-06,2.1910411613944303e-05,1784977615.5945194,0.0,0.0,1784977615.5536788,14133.1298828125,nan,nan,49.838016510009766,nan
1.2831151485443115,1784977615.6393852,SMC,eight,eight_smc_tune_p02,1784977615.6011522,-0.11650789377105265,0.023738892786629537,0.012443503256432675,-1.478659779713736e-07,-0.00013145739904700003,1784977615.623206,-0.11650864242288078,0.02374246495846277,0.012431559907350145,0.016179323196411133,0,0,1784977615.634635,-0.11650789377105265,0.023738892786629537,0.012443503256432675,nan,nan,nan,nan,7.041874548358398e-07,-3.581202478825661e-06,1.1943349082530613e-05,1784977615.6347034,0.0,0.0,1784977615.603309,14133.181640625,nan,nan,51.14291763305664,nan
1.3234670162200928,1784977615.679737,SMC,eight,eight_smc_tune_p02,1784977615.6511018,-0.11650801743967369,0.023739353675082873,0.012436650028793479,-1.661661167449386e-07,-0.00012781011313073268,1784977615.623206,-0.11650864242288078,0.02374246495846277,0.012431559907350145,0.05653119087219238,0,0,1784977615.6746335,-0.11650801743967369,0.023739353675082873,0.012436650028793479,nan,nan,nan,nan,5.862578046180361e-07,-3.1188122844579685e-06,5.090121443333817e-06,1784977615.6746972,0.0,0.0,1784977615.6526363,14133.23046875,nan,nan,49.51066589355469,nan
1.362903356552124,1784977615.7191734,SMC,eight,eight_smc_tune_p02,1784977615.7010238,-0.11650801869281169,0.02373935365949608,0.012432169407665259,-1.1607539682320601e-07,-0.00012151680182183482,1784977615.623206,-0.11650864242288078,0.02374246495846277,0.012431559907350145,0.09596753120422363,0,0,1784977615.714647,-0.11650801869281169,0.02373935365949608,0.012432169407665259,nan,nan,nan,nan,5.85004569689769e-07,-3.118812291987022e-06,6.095003151143641e-07,1784977615.71472,0.0,0.0,1784977615.7025335,14133.2802734375,nan,nan,49.714630126953125,nan
1.402841567993164,1784977615.7591116,SMC,eight,eight_smc_tune_p02,1784977615.7510672,-0.11650812468219782,0.023739766562803594,0.012428740676346132,-1.4317959329447711e-07,-0.00011445474314239738,1784977615.7438955,-0.11650864242288078,0.02374246495846277,0.012431559907350145,0.01521611213684082,0,0,1784977615.7541614,-0.11650812468219782,0.023739766562803594,0.012428740676346132,nan,nan,nan,nan,4.841562734418214e-07,-2.7046233103956232e-06,-2.819231004012185e-06,1784977615.754214,0.0,0.0,1784977615.753065,14133.3310546875,nan,nan,50.548057556152344,nan
1.4427719116210938,1784977615.799042,SMC,eight,eight_smc_tune_p02,1784977615.7510672,-0.11650812468219782,0.023739766562803594,0.012428740676346132,-1.4317959329447711e-07,-0.00011445474314239738,1784977615.7438955,-0.11650864242288078,0.02374246495846277,0.012431559907350145,0.05514645576477051,0,0,1784977615.7945094,-0.11650812468219782,0.023739766562803594,0.012428740676346132,nan,nan,nan,nan,4.841562734418214e-07,-2.7046233103956232e-06,-2.819231004012185e-06,1784977615.7945762,0.0,0.0,1784977615.753065,14133.3310546875,nan,nan,50.548057556152344,nan
1.4829728603363037,1784977615.839243,SMC,eight,eight_smc_tune_p02,1784977615.801218,-0.11650812588858414,0.023739766547802577,0.012424687371380161,-9.995420208892495e-08,-0.00010884786359478593,1784977615.8267138,-0.11649327399212475,0.02373602743438986,0.012578279578235775,0.012529134750366211,0,0,1784977615.8347824,-0.11650812588858414,0.023739766547802577,0.012424687371380161,nan,nan,nan,nan,-1.4803691218742004e-05,3.925624008193766e-06,-0.0001535922068556135,1784977615.834838,0.0,0.0,1784977615.8141825,14133.3916015625,nan,nan,60.71893310546875,nan
1.5231575965881348,1784977615.8794277,SMC,eight,eight_smc_tune_p02,1784977615.8510945,-0.11650564590558674,0.023739287358344734,0.012456256398666434,1.2875801315806904e-06,-5.876902460401524e-05,1784977615.8267138,-0.11649327399212475,0.02373602743438986,0.012578279578235775,0.052713871002197266,0,0,1784977615.8746588,-0.11650564590558674,0.023739287358344734,0.012456256398666434,nan,nan,nan,nan,-1.2329931621708214e-05,3.415279359930711e-06,-0.00012202317956934092,1784977615.8747241,0.0,0.0,1784977615.8694842,14133.447265625,nan,nan,55.59366226196289,nan
1.5625269412994385,1784977615.918797,SMC,eight,eight_smc_tune_p02,1784977615.9019516,-0.11650563445041637,0.023739287501690545,0.012454148986152087,8.814793177185897e-07,-5.5794365981346237e-05,1784977615.8267138,-0.11649327399212475,0.02373602743438986,0.012578279578235775,0.09208321571350098,0,0,1784977615.9152884,-0.11650563445041637,0.023739287501690545,0.012454148986152087,nan,nan,nan,nan,-1.2318475554511405e-05,3.415278611866041e-06,-0.0001241305920836877,1784977615.9153502,0.0,0.0,1784977615.903382,14133.4814453125,nan,nan,34.06117630004883,nan
1.6032955646514893,1784977615.9595656,SMC,eight,eight_smc_tune_p02,1784977615.9510753,-0.11650350442993139,0.023738858804156486,0.012481656447941197,1.935750001034601e-06,-1.462683227113255e-05,1784977615.9458709,-0.11649327399212475,0.02373602743438986,0.012578279578235775,0.01369476318359375,0,0,1784977615.9543533,-0.11650350442993139,0.023738858804156486,0.012481656447941197,nan,nan,nan,nan,-1.0194015701153171e-05,2.9598237034481026e-06,-9.662313029457775e-05,1784977615.9544108,0.0,0.0,1784977615.9524739,14133.53125,nan,nan,49.72336959838867,nan
1.64324951171875,1784977615.9995196,SMC,eight,eight_smc_tune_p02,1784977615.9510753,-0.11650350442993139,0.023738858804156486,0.012481656447941197,1.935750001034601e-06,-1.462683227113255e-05,1784977615.9458709,-0.11649327399212475,0.02373602743438986,0.012578279578235775,0.05364871025085449,0,0,1784977615.994571,-0.11650350442993139,0.023738858804156486,0.012481656447941197,nan,nan,nan,nan,-1.0194015701153171e-05,2.9598237034481026e-06,-9.662313029457775e-05,1784977615.9946404,0.0,0.0,1784977615.9524739,14133.53125,nan,nan,49.72336959838867,nan
1.6826112270355225,1784977616.0388813,SMC,eight,eight_smc_tune_p02,1784977616.0017283,-0.11650348587203606,0.023738859037523975,0.012481130993888484,1.3662769393916602e-06,-1.3913749813343094e-05,1784977616.0360656,-0.11649327399212475,0.02373602743438986,0.012578279578235775,0.002815723419189453,0,0,1784977616.0348458,-0.11650348587203606,0.023738859037523975,0.012481130993888484,nan,nan,nan,nan,-1.0175456338569375e-05,2.9598236322352488e-06,-9.714858434729107e-05,1784977616.0349212,0.0,0.0,1784977616.0028765,14133.5810546875,nan,nan,49.95014572143555,nan
1.7231802940368652,1784977616.0794504,SMC,eight,eight_smc_tune_p02,1784977616.0511053,-0.11650175035013487,0.023738491525491366,0.01250304304535614,1.9620308713317547e-06,1.54194256063708e-05,1784977616.0360656,-0.11649327399212475,0.02373602743438986,0.012578279578235775,0.04338479042053223,0,0,1784977616.0751047,-0.11650175035013487,0.023738491525491366,0.01250304304535614,nan,nan,nan,nan,-8.44469427393357e-06,2.570511367792669e-06,-7.523653287963387e-05,1784977616.0751739,0.0,0.0,1784977616.0522003,14133.630859375,nan,nan,50.02503204345703,nan
1.7638304233551025,1784977616.1201005,SMC,eight,eight_smc_tune_p02,1784977616.101426,-0.11650173357458539,0.02373849173689608,0.012503591632267719,1.3741904499002784e-06,1.4667233174519151e-05,1784977616.0360656,-0.11649327399212475,0.02373602743438986,0.012578279578235775,0.08403491973876953,0,0,1784977616.1148741,-0.11650173357458539,0.02373849173689608,0.012503591632267719,nan,nan,nan,nan,-8.42791739245727e-06,2.5705117537951488e-06,-7.468794596805597e-05,1784977616.1149344,0.0,0.0,1784977616.1025493,14133.681640625,nan,nan,49.96376419067383,nan
1.8025355339050293,1784977616.1588056,SMC,eight,eight_smc_tune_p02,1784977616.1510642,-0.1165002785194243,0.023738168137998453,0.012521286501751225,1.8568071590698258e-06,3.628541078803642e-05,1784977616.1459496,-0.11649327399212475,0.02373602743438986,0.012578279578235775,0.012856006622314453,0,0,1784977616.1540017,-0.1165002785194243,0.023738168137998453,0.012521286501751225,nan,nan,nan,nan,-6.977047544327477e-06,2.2286368466101726e-06,-5.699307648454957e-05,1784977616.154048,0.0,0.0,1784977616.153271,14133.732421875,nan,nan,50.86638259887695,nan
1.8427319526672363,1784977616.199002,SMC,eight,eight_smc_tune_p02,1784977616.1510642,-0.1165002785194243,0.023738168137998453,0.012521286501751225,1.8568071590698258e-06,3.628541078803642e-05,1784977616.1459496,-0.11649327399212475,0.02373602743438986,0.012578279578235775,0.053052425384521484,0,0,1784977616.1954753,-0.1165002785194243,0.023738168137998453,0.012521286501751225,nan,nan,nan,nan,-6.977047544327477e-06,2.2286368466101726e-06,-5.699307648454957e-05,1784977616.195547,0.0,0.0,1784977616.153271,14133.732421875,nan,nan,50.86638259887695,nan
1.8828661441802979,1784977616.2391362,SMC,eight,eight_smc_tune_p02,1784977616.2010944,-0.11650026198099755,0.02373816834646142,0.012522573398456357,1.2952137267787654e-06,3.4517104382692345e-05,1784977616.2321794,-0.11649458748702281,0.023737043816562827,0.012569829589880625,0.006956815719604492,0,0,1784977616.2347593,-0.11650026198099755,0.02373816834646142,0.012522573398456357,nan,nan,nan,nan,-5.65991091690817e-06,1.195766605543446e-06,-4.725619142426779e-05,1784977616.2351675,0.0,0.0,1784977616.2028208,14133.7822265625,nan,nan,49.68777847290039,nan
1.9228630065917969,1784977616.279133,SMC,eight,eight_smc_tune_p02,1784977616.2512393,-0.11649929988552482,0.023738024060615624,0.012534367000396134,1.449963786759076e-06,4.625792729787229e-05,1784977616.2321794,-0.11649458748702281,0.023737043816562827,0.012569829589880625,0.046953678131103516,0,0,1784977616.2748332,-0.11649929988552482,0.023738024060615624,0.012534367000396134,nan,nan,nan,nan,-4.699705049746652e-06,1.0393991005403006e-06,-3.546258948449073e-05,1784977616.2748969,0.0,0.0,1784977616.2565844,14133.8349609375,nan,nan,53.634849548339844,nan
1.9625790119171143,1784977616.318849,SMC,eight,eight_smc_tune_p02,1784977616.301158,-0.11649928856951813,0.023738024203209813,0.01253599444981883,1.005282259135233e-06,4.397817359404935e-05,1784977616.2321794,-0.11649458748702281,0.023737043816562827,0.012569829589880625,0.0866696834564209,0,0,1784977616.3142679,-0.11649928856951813,0.023738024203209813,0.01253599444981883,nan,nan,nan,nan,-4.68838814467818e-06,1.039399446935341e-06,-3.3835140061794916e-05,1784977616.314324,0.0,0.0,1784977616.3033051,14133.8818359375,nan,nan,46.79530334472656,nan
2.002808094024658,1784977616.3590782,SMC,eight,eight_smc_tune_p02,1784977616.3509443,-0.11649848004209638,0.023737896361996684,0.012544992702825724,1.2015761763809377e-06,5.15213568542019e-05,1784977616.3447623,-0.11649458748702281,0.023737043816562827,0.012569829589880625,0.01431584358215332,0,0,1784977616.3542666,-0.11649848004209638,0.023737896361996684,0.012544992702825724,nan,nan,nan,nan,-3.881531495950028e-06,9.014055488839143e-07,-2.4836887054900322e-05,1784977616.3543217,0.0,0.0,1784977616.3575275,14133.9365234375,nan,nan,54.07986831665039,nan
2.043264150619507,1784977616.3995342,SMC,eight,eight_smc_tune_p02,1784977616.3509443,-0.11649848004209638,0.023737896361996684,0.012544992702825724,1.2015761763809377e-06,5.15213568542019e-05,1784977616.3447623,-0.11649458748702281,0.023737043816562827,0.012569829589880625,0.05477190017700195,0,0,1784977616.3946376,-0.11649848004209638,0.023737896361996684,0.012544992702825724,nan,nan,nan,nan,-3.881531495950028e-06,9.014055488839143e-07,-2.4836887054900322e-05,1784977616.3947175,0.0,0.0,1784977616.3575275,14133.9365234375,nan,nan,54.07986831665039,nan
2.082791566848755,1784977616.4390616,SMC,eight,eight_smc_tune_p02,1784977616.4013817,-0.11649846937618398,0.023737896496268302,0.012546832650362761,8.337041736512514e-07,4.898745758710715e-05,1784977616.4249964,-0.11649458748702281,0.023737043816562827,0.012569829589880625,0.014065265655517578,0,0,1784977616.4342818,-0.11649846937618398,0.023737896496268302,0.012546832650362761,nan,nan,nan,nan,-3.8708647384191e-06,9.014057447238162e-07,-2.2996939517863635e-05,1784977616.4344664,0.0,0.0,1784977616.4077897,14133.986328125,nan,nan,50.304527282714844,nan
2.1227407455444336,1784977616.4790108,SMC,eight,eight_smc_tune_p02,1784977616.4514759,-0.11649781748730827,0.02373778792341465,0.012553580351566004,9.302748048193183e-07,5.28621828657248e-05,1784977616.4249964,-0.11649458748702281,0.023737043816562827,0.012569829589880625,0.05401444435119629,0,0,1784977616.474466,-0.11649781748730827,0.02373778792341465,0.012553580351566004,nan,nan,nan,nan,-3.2203920677799503e-06,7.846475519463808e-07,-1.624923831462094e-05,1784977616.474528,0.0,0.0,1784977616.4613004,14134.0400390625,nan,nan,53.541748046875,nan
2.1628031730651855,1784977616.5190732,SMC,eight,eight_smc_tune_p02,1784977616.5015502,-0.1164978102829008,0.0237377880140976,0.012555438625258871,6.440404750034937e-07,5.022663524163502e-05,1784977616.4249964,-0.11649458748702281,0.023737043816562827,0.012569829589880625,0.09407687187194824,0,0,1784977616.514608,-0.1164978102829008,0.0237377880140976,0.012555438625258871,nan,nan,nan,nan,-3.213187089610273e-06,7.846476719436787e-07,-1.4390964621753544e-05,1784977616.514663,0.0,0.0,1784977616.504485,14134.0830078125,nan,nan,43.146034240722656,nan
2.2029170989990234,1784977616.5591872,SMC,eight,eight_smc_tune_p02,1784977616.5515277,-0.11649725478344561,0.023737690735073144,0.012560144001097943,7.915790593396805e-07,5.15906773343196e-05,1784977616.543446,-0.11649458748702281,0.023737043816562827,0.012569829589880625,0.01574110984802246,0,0,1784977616.5542798,-0.11649725478344561,0.023737690735073144,0.012560144001097943,nan,nan,nan,nan,-2.6589542670359753e-06,6.803939828417801e-07,-9.685588782681193e-06,1784977616.554332,0.0,0.0,1784977616.5528948,14134.1318359375,nan,nan,48.57401657104492,nan
2.2425591945648193,1784977616.5988293,SMC,eight,eight_smc_tune_p02,1784977616.5515277,-0.11649725478344561,0.023737690735073144,0.012560144001097943,7.915790593396805e-07,5.15906773343196e-05,1784977616.543446,-0.11649458748702281,0.023737043816562827,0.012569829589880625,0.05538320541381836,0,0,1784977616.5947855,-0.11649725478344561,0.023737690735073144,0.012560144001097943,nan,nan,nan,nan,-2.6589542670359753e-06,6.803939828417801e-07,-9.685588782681193e-06,1784977616.594863,0.0,0.0,1784977616.5528948,14134.1318359375,nan,nan,48.57401657104492,nan
2.282790422439575,1784977616.6390605,SMC,eight,eight_smc_tune_p02,1784977616.601294,-0.11649724825558168,0.023737690817213327,0.012561951238195665,5.568346940084079e-07,4.907353848462318e-05,1784977616.6255946,-0.11649459727127118,0.023738103068262004,0.012566495913231843,0.01346588134765625,0,0,1784977616.6347775,-0.11649724825558168,0.023737690817213327,0.012561951238195665,nan,nan,nan,nan,-2.6559554105202437e-06,-3.7890579170273085e-07,-4.544675036178419e-06,1784977616.6348462,0.0,0.0,1784977616.603812,14134.181640625,nan,nan,50.2480583190918,nan
2.3234405517578125,1784977616.6797106,SMC,eight,eight_smc_tune_p02,1784977616.6516407,-0.11649680087854151,0.02373774566093257,0.012564532136098764,6.326853948832833e-07,4.772591024223075e-05,1784977616.6255946,-0.11649459727127118,0.023738103068262004,0.012566495913231843,0.054116010665893555,0,0,1784977616.6745665,-0.11649680087854151,0.02373774566093257,0.012564532136098764,nan,nan,nan,nan,-2.2079245188367524e-06,-3.296882165564986e-07,-1.9637771330790338e-06,1784977616.6746256,0.0,0.0,1784977616.653112,14134.232421875,nan,nan,49.96455383300781,nan
2.3632099628448486,1784977616.71948,SMC,eight,eight_smc_tune_p02,1784977616.7015216,-0.11649679630329687,0.023737745718492107,0.012566199007551472,4.420328708584178e-07,4.537805569044256e-05,1784977616.6255946,-0.11649459727127118,0.023738103068262004,0.012566495913231843,0.09388542175292969,0,0,1784977616.714369,-0.11649679630329687,0.023737745718492107,0.012566199007551472,nan,nan,nan,nan,-2.2033489121419103e-06,-3.296881548441191e-07,-2.9690568037130105e-07,1784977616.714425,0.0,0.0,1784977616.7034595,14134.2822265625,nan,nan,50.220550537109375,nan
2.4028754234313965,1784977616.7591455,SMC,eight,eight_smc_tune_p02,1784977616.750994,-0.11649641501058634,0.023737794546986934,0.012567441089027555,5.472240505672324e-07,4.272652153568895e-05,1784977616.7468216,-0.11649459727127118,0.023738103068262004,0.012566495913231843,0.012323856353759766,0,0,1784977616.7543478,-0.11649641501058634,0.023737794546986934,0.012567441089027555,nan,nan,nan,nan,-1.8214727205505729e-06,-2.856549025658949e-07,9.451757957117807e-07,1784977616.7543917,0.0,0.0,1784977616.7532828,14134.33203125,nan,nan,49.95355987548828,nan
2.4430997371673584,1784977616.7993698,SMC,eight,eight_smc_tune_p02,1784977616.750994,-0.11649641501058634,0.023737794546986934,0.012567441089027555,5.472240505672324e-07,4.272652153568895e-05,1784977616.7468216,-0.11649459727127118,0.023738103068262004,0.012566495913231843,0.05254817008972168,0,0,1784977616.7946773,-0.11649641501058634,0.023737794546986934,0.012567441089027555,nan,nan,nan,nan,-1.8214727205505729e-06,-2.856549025658949e-07,9.451757957117807e-07,1784977616.7947404,0.0,0.0,1784977616.7532828,14134.33203125,nan,nan,49.95355987548828,nan
2.4825398921966553,1784977616.83881,SMC,eight,eight_smc_tune_p02,1784977616.801366,-0.11649641010548514,0.023737794608674295,0.012568964453638594,3.8251065389277785e-07,4.064093471499363e-05,1784977616.8243911,-0.11651525212125571,0.023720067405320743,0.01295697501440432,0.014418840408325195,0,0,1784977616.834935,-0.11649641010548514,0.023737794608674295,0.012568964453638594,nan,nan,nan,nan,1.9070118667838724e-05,1.7481586627967642e-05,-0.00038801056076572665,1784977616.8350003,0.0,0.0,1784977616.8051643,14134.3837890625,nan,nan,51.46406555175781,nan
2.5229971408843994,1784977616.8792672,SMC,eight,eight_smc_tune_p02,1784977616.8510716,-0.11649955559490581,0.023735486046206476,0.012658256989289804,-1.4536318551487491e-06,0.00014872409999596426,1784977616.8243911,-0.11651525212125571,0.023720067405320743,0.01295697501440432,0.054876089096069336,0,0,1784977616.8744063,-0.11649955559490581,0.023735486046206476,0.012658256989289804,nan,nan,nan,nan,1.5894982131626813e-05,1.5213972829333061e-05,-0.00029871802511451627,1784977616.8744617,0.0,0.0,1784977616.854425,14134.43359375,nan,nan,49.56233215332031,nan
2.562910318374634,1784977616.9191804,SMC,eight,eight_smc_tune_p02,1784977616.901135,-0.11649956663902483,0.02373548590366006,0.012663480373231468,-1.0140675381168363e-06,0.00014138920089304998,1784977616.8243911,-0.11651525212125571,0.023720067405320743,0.01295697501440432,0.09478926658630371,0,0,1784977616.9143934,-0.11649956663902483,0.02373548590366006,0.012663480373231468,nan,nan,nan,nan,1.5883937092734123e-05,1.5213973389253115e-05,-0.0002934946411728527,1784977616.9144526,0.0,0.0,1784977616.9044101,14134.4833984375,nan,nan,49.85172653198242,nan
2.6025800704956055,1784977616.9588501,SMC,eight,eight_smc_tune_p02,1784977616.951205,-0.1165022739859752,0.023733425901592657,0.012735653537831276,-2.3892308385563653e-06,0.00022169164138979825,1784977616.9435267,-0.11651525212125571,0.023720067405320743,0.01295697501440432,0.015323400497436523,0,0,1784977616.95441,-0.1165022739859752,0.023733425901592657,0.012735653537831276,nan,nan,nan,nan,1.31501267497459e-05,1.3189222284571111e-05,-0.0002213214765730449,1784977616.9544673,0.0,0.0,1784977616.9545496,14134.533203125,nan,nan,50.134422302246094,nan
2.6432111263275146,1784977616.9994812,SMC,eight,eight_smc_tune_p02,1784977616.951205,-0.1165022739859752,0.023733425901592657,0.012735653537831276,-2.3892308385563653e-06,0.00022169164138979825,1784977616.9435267,-0.11651525212125571,0.023720067405320743,0.01295697501440432,0.0559544563293457,0,0,1784977616.995421,-0.1165022739859752,0.023733425901592657,0.012735653537831276,nan,nan,nan,nan,1.31501267497459e-05,1.3189222284571111e-05,-0.0002213214765730449,1784977616.9954982,0.0,0.0,1784977616.9545496,14134.533203125,nan,nan,50.134422302246094,nan
2.682786464691162,1784977617.0390565,SMC,eight,eight_smc_tune_p02,1784977617.0013747,-0.11650229426225059,0.023733425637528602,0.012743513619986907,-1.6680850278954466e-06,0.0002108198982715633,1784977617.0371556,-0.11651525212125571,0.023720067405320743,0.01295697501440432,0.0019009113311767578,0,0,1784977617.034508,-0.11650229426225059,0.023733425637528602,0.012743513619986907,nan,nan,nan,nan,1.3129848754974666e-05,1.3189220954524129e-05,-0.00021346139441741352,1784977617.0345697,0.0,0.0,1784977617.0109916,14134.58984375,nan,nan,56.50285339355469,nan
2.7229108810424805,1784977617.079181,SMC,eight,eight_smc_tune_p02,1784977617.051337,-0.11650451123580205,0.023731658199462803,0.012798711015420652,-2.457344587154012e-06,0.0002615947104335632,1784977617.0371556,-0.11651525212125571,0.023720067405320743,0.01295697501440432,0.04202532768249512,0,0,1784977617.0751357,-0.11650451123580205,0.023731658199462803,0.012798711015420652,nan,nan,nan,nan,1.0890161287127894e-05,1.1450655715402574e-05,-0.00015826399898366886,1784977617.075248,0.0,0.0,1784977617.054627,14134.6337890625,nan,nan,43.62705993652344,nan
2.76332688331604,1784977617.119597,SMC,eight,eight_smc_tune_p02,1784977617.1010087,-0.11650453099819749,0.02373165794138716,0.01280784531346435,-1.7261404953516088e-06,0.0002487803379860119,1784977617.0371556,-0.11651525212125571,0.023720067405320743,0.01295697501440432,0.08244132995605469,0,0,1784977617.1143181,-0.11650453099819749,0.02373165794138716,0.01280784531346435,nan,nan,nan,nan,1.0870397206763358e-05,1.1450653715120676e-05,-0.00014912970093997058,1784977617.1143754,0.0,0.0,1784977617.1042752,14134.68359375,nan,nan,49.7864990234375,nan
2.8028924465179443,1784977617.1591625,SMC,eight,eight_smc_tune_p02,1784977617.1518838,-0.11650639305416034,0.023730104489084233,0.012849249519596054,-2.3856009689018315e-06,0.0002789287511877361,1784977617.1481433,-0.11651525212125571,0.023720067405320743,0.01295697501440432,0.011019229888916016,0,0,1784977617.155263,-0.11650639305416034,0.023730104489084233,0.012849249519596054,nan,nan,nan,nan,8.98837006619772e-06,9.921457747159994e-06,-0.00010772549480826676,1784977617.1553235,0.0,0.0,1784977617.1557944,14134.734375,nan,nan,51.202693939208984,nan
2.8429696559906006,1784977617.1992397,SMC,eight,eight_smc_tune_p02,1784977617.1518838,-0.11650639305416034,0.023730104489084233,0.012849249519596054,-2.3856009689018315e-06,0.0002789287511877361,1784977617.1481433,-0.11651525212125571,0.023720067405320743,0.01295697501440432,0.051096439361572266,0,0,1784977617.194639,-0.11650639305416034,0.023730104489084233,0.012849249519596054,nan,nan,nan,nan,8.98837006619772e-06,9.921457747159994e-06,-0.00010772549480826676,1784977617.1947148,0.0,0.0,1784977617.1557944,14134.734375,nan,nan,51.202693939208984,nan
2.882633686065674,1784977617.2389038,SMC,eight,eight_smc_tune_p02,1784977617.201318,-0.11650641359468655,0.023730104221064044,0.012858975431764199,-1.6634017382202643e-06,0.00026530271425847103,1784977617.2334354,-0.11651525212125571,0.023720067405320743,0.01295697501440432,0.0054683685302734375,0,0,1784977617.2353036,-0.11650641359468655,0.023730104221064044,0.012858975431764199,nan,nan,nan,nan,8.96782779153404e-06,9.921455885106475e-06,-9.799958264012156e-05,1784977617.235354,0.0,0.0,1784977617.2155519,14134.7939453125,nan,nan,59.87248611450195,nan
2.9226737022399902,1784977617.2789438,SMC,eight,eight_smc_tune_p02,1784977617.251149,-0.1165079154942245,0.02372878698451517,0.012889113743096545,-1.987780133515753e-06,0.0002785031546458721,1784977617.2334354,-0.11651525212125571,0.023720067405320743,0.01295697501440432,0.045508384704589844,0,0,1784977617.2749476,-0.1165079154942245,0.02372878698451517,0.012889113743096545,nan,nan,nan,nan,7.448987400175712e-06,8.62378943591774e-06,-6.786127130777551e-05,1784977617.275014,0.0,0.0,1784977617.2583597,14134.8369140625,nan,nan,42.86863327026367,nan
2.96294903755188,1784977617.319219,SMC,eight,eight_smc_tune_p02,1784977617.3015206,-0.11650793338939147,0.023728786751617072,0.01289903911925569,-1.3935281794183438e-06,0.00026479287256550045,1784977617.2334354,-0.11651525212125571,0.023720067405320743,0.01295697501440432,0.08578372001647949,0,0,1784977617.314188,-0.11650793338939147,0.023728786751617072,0.01289903911925569,nan,nan,nan,nan,7.431090717760016e-06,8.623788418114302e-06,-5.7935895148630845e-05,1784977617.314244,0.0,0.0,1784977617.3089082,14134.8876953125,nan,nan,50.5962028503418,nan
3.0027453899383545,1784977617.3590155,SMC,eight,eight_smc_tune_p02,1784977617.3510027,-0.1165091974153458,0.02372762397636148,0.012919402937567272,-1.7546954669170038e-06,0.0002662812652197134,1784977617.345151,-0.11651525212125571,0.023720067405320743,0.01295697501440432,0.013864517211914062,0,0,1784977617.3543594,-0.1165091974153458,0.02372762397636148,0.012919402937567272,nan,nan,nan,nan,6.152105237933274e-06,7.477488260821418e-06,-3.757207683704848e-05,1784977617.3544154,0.0,0.0,1784977617.3089082,14134.8876953125,nan,nan,50.5962028503418,nan
3.0427494049072266,1784977617.3990195,SMC,eight,eight_smc_tune_p02,1784977617.3510027,-0.1165091974153458,0.02372762397636148,0.012919402937567272,-1.7546954669170038e-06,0.0002662812652197134,1784977617.345151,-0.11651525212125571,0.023720067405320743,0.01295697501440432,0.05386853218078613,0,0,1784977617.3947568,-0.1165091974153458,0.02372762397636148,0.012919402937567272,nan,nan,nan,nan,6.152105237933274e-06,7.477488260821418e-06,-3.757207683704848e-05,1784977617.3948214,0.0,0.0,1784977617.364976,14134.943359375,nan,nan,56.04359436035156,nan
3.0831093788146973,1784977617.4393795,SMC,eight,eight_smc_tune_p02,1784977617.401394,-0.11650921453968954,0.023727623753744185,0.01292893330447569,-1.2121969629849149e-06,0.0002530698733200301,1784977617.4252574,-0.11651525212125571,0.023720067405320743,0.01295697501440432,0.01412200927734375,0,0,1784977617.3947568,-0.1165091974153458,0.02372762397636148,0.012919402937567272,nan,nan,nan,nan,6.152105237933274e-06,7.477488260821418e-06,-3.757207683704848e-05,1784977617.4354675,0.0,0.0,1784977617.404443,14134.9833984375,nan,nan,39.62489318847656,nan
3.1230216026306152,1784977617.4792917,SMC,eight,eight_smc_tune_p02,1784977617.451179,-0.1165102311360866,0.023726642081589918,0.012943170350768366,-1.4110433121784928e-06,0.0002474707204713518,1784977617.4252574,-0.11651525212125571,0.023720067405320743,0.01295697501440432,0.05403423309326172,0,0,1784977617.4754846,-0.11648046322004059,0.023737587325240415,-1.7847479050203674e-10,1784977617.47554,2.990708483363356e-05,1.055904640795294e-05,-0.012943170529243155,3.501297983290338e-05,1.7067702978670037e-05,-0.012956975192879111,1784977617.4755943,0.0006035747110724987,-0.004296277746053453,1784977617.458482,14135.037109375,nan,nan,53.784568786621094,nan
3.1631529331207275,1784977617.519423,SMC,eight,eight_smc_tune_p02,1784977617.501661,-0.11651024290340971,0.023726641928658688,0.012951982722353058,-9.835563694003419e-07,0.00023524142091408003,1784977617.4252574,-0.11651525212125571,0.023720067405320743,0.01295697501440432,0.09416556358337402,0,0,1784977617.515081,-0.11645002608833833,0.023737587325223877,-1.023891527118792e-09,1784977617.515119,6.0353524964147344e-05,1.0164573169162734e-05,-0.012951983746244587,6.544755662913001e-05,1.667334084183501e-05,-0.01295697603829585,1784977617.5151591,0.0009358420659969292,-0.004294412009356813,1784977617.5047348,14135.0830078125,nan,nan,46.27126693725586,nan
3.2025630474090576,1784977617.5588331,SMC,eight,eight_smc_tune_p02,1784977617.5514116,-0.11651111023173183,0.02372576479074803,0.012959423214422755,-1.2302637382521035e-06,0.00022273719792079928,1784977617.5446556,-0.11651525212125571,0.023720067405320743,0.01295697501440432,0.014177560806274414,0,0,1784977617.5551953,-0.11640622275404543,0.023737587325130927,-3.4600583509458716e-09,1784977617.5552275,0.00010503187899737912,1.0462298453506017e-05,-0.012959426674481106,0.0001092472140502751,1.610579792137424e-05,-0.01295697847446267,1784977617.5552685,0.0012716975253806904,-0.0042918061965597845,1784977617.5549548,14135.1337890625,nan,nan,50.01215744018555,nan
3.2433459758758545,1784977617.599616,SMC,eight,eight_smc_tune_p02,1784977617.5514116,-0.11651111023173183,0.02372576479074803,0.012959423214422755,-1.2302637382521035e-06,0.00022273719792079928,1784977617.5446556,-0.11651525212125571,0.023720067405320743,0.01295697501440432,0.05496048927307129,0,0,1784977617.5944664,-0.11635030380357528,0.02373758732480295,-8.661184436320468e-09,1784977617.5945027,0.00016094613382879356,9.73764106505906e-06,-0.012959431875607191,0.00016516147065562817,1.538127742220916e-05,-0.012956983675588757,1784977617.5945413,0.0016031249376113332,-0.004292170232724005,1784977617.5549548,14135.1337890625,nan,nan,50.01215744018555,nan
3.2831592559814453,1784977617.6394293,SMC,eight,eight_smc_tune_p02,1784977617.6013308,-0.11651112081003664,0.023725764653350623,0.012967271472860814,-8.618863121009201e-07,0.00021186780795999212,1784977617.6247528,-0.11651525212125571,0.023720067405320743,0.01295697501440432,0.014676570892333984,0,0,1784977617.6345656,-0.11628025115812334,0.023737587323873568,-1.848615382993302e-08,1784977617.6346042,0.00023100354528615612,8.828010993065942e-06,-0.012967289959014644,0.00023520823584659954,1.447363151298013e-05,-0.01295699350055815,1784977617.6346478,0.0019421689753217836,-0.004290863767789075,1784977617.6048462,14135.18359375,nan,nan,50.13224411010742,nan
3.32273268699646,1784977617.6790028,SMC,eight,eight_smc_tune_p02,1784977617.6515062,-0.1165118186127406,0.0237250236811815,0.012971634117287531,-9.83663068073369e-07,0.0001975827656168444,1784977617.6247528,-0.11651525212125571,0.023720067405320743,0.01295697501440432,0.05425000190734863,0,0,1784977617.6748316,-0.11619661545032854,0.023737587321671933,-3.503635337409605e-08,1784977617.6748745,0.0003153396106003925,8.473998072137593e-06,-0.012971669153640905,0.00031883692319589253,1.3389993856613196e-05,-0.012957010050757696,1784977617.6749227,0.0022842326378238256,-0.004286963582235347,1784977617.655401,14135.234375,nan,nan,50.61653518676758,nan
3.362562656402588,1784977617.7188327,SMC,eight,eight_smc_tune_p02,1784977617.7011547,-0.11651182572574047,0.02372502358879439,0.01297849781439931,-6.857670980389541e-07,0.0001878492092594033,1784977617.6247528,-0.11651525212125571,0.023720067405320743,0.01295697501440432,0.09407997131347656,0,0,1784977617.7147045,-0.11610056279663471,0.023737587317138292,-6.051600465184492e-08,1784977617.7147484,0.0004113913464823011,7.225245049693602e-06,-0.012978558330403964,0.00041488151413027815,1.2145472312306764e-05,-0.012957035530408972,1784977617.7147934,0.002624778597986145,-0.004286080642748361,1784977617.705702,14135.2841796875,nan,nan,50.16679000854492,nan
3.4028735160827637,1784977617.7591436,SMC,eight,eight_smc_tune_p02,1784977617.751255,-0.11651242087782336,0.02372439064670441,0.012978505309185505,-8.50790219854393e-07,0.0001700149909949667,1784977617.7452376,-0.11651525215585731,0.023720288005158727,0.01295692706862886,0.013906002044677734,0,0,1784977617.7552643,-0.11599011089927602,0.023737587308447952,-9.836862224776866e-08,1784977617.755339,0.0005224372579368427,6.416937799912278e-06,-0.012978603677807753,0.0005253213158659527,1.0493824609439708e-05,-0.012957025437251107,1784977617.7553895,0.002970845270082939,-0.00427970672527188,1784977617.7562025,14135.3349609375,nan,nan,50.808998107910156,nan
3.442760467529297,1784977617.7990305,SMC,eight,eight_smc_tune_p02,1784977617.751255,-0.11651242087782336,0.02372439064670441,0.012978505309185505,-8.50790219854393e-07,0.0001700149909949667,1784977617.7452376,-0.11651525215585731,0.023720288005158727,0.01295692706862886,0.05379295349121094,0,0,1784977617.794726,-0.11586810139392842,0.0237375872933599,-1.5081806292727149e-07,1784977617.794771,0.0006444364874947172,4.83346615440534e-06,-0.012978656127248432,0.0006473205795639566,8.912985493024341e-06,-0.012957077886691787,1784977617.794819,0.003313566080631133,-0.00428083504123813,1784977617.7562025,14135.3349609375,nan,nan,50.808998107910156,nan
3.482652187347412,1784977617.8389223,SMC,eight,eight_smc_tune_p02,1784977617.8012934,-0.11651242816832837,0.023724390552057807,0.012984510293162943,-5.93096972777224e-07,0.0001616778497779532,1784977617.8261194,-0.11650178809374562,0.023743171416422487,0.012225105726823218,0.012802839279174805,0,0,1784977617.8343172,-0.11573311064503387,0.023737587268359752,-2.2185765291560244e-07,1784977617.83436,0.0007794231768052394,3.076831786861367e-06,-0.012984732150815859,0.0007685517436710113,-1.4980659792882527e-05,-0.012225327584476132,1784977617.8344038,0.0036577846291199526,-0.0042807735494111675,1784977617.804962,14135.3837890625,nan,nan,48.71697235107422,nan
3.523111343383789,1784977617.8793814,SMC,eight,eight_smc_tune_p02,1784977617.8513682,-0.11651064571878657,0.02372683794003384,0.01281684684814955,5.847383444457849e-07,-6.419882480032806e-05,1784977617.8261194,-0.11650178809374562,0.023743171416422487,0.012225105726823218,0.05326199531555176,0,0,1784977617.874806,-0.11558312256783879,0.02373758722817314,-3.1681849887998936e-07,1784977617.8749225,0.0009275847373595792,-1.1391914516860108e-06,-0.012817163666648429,0.0009185286124146134,-1.6814274404903014e-05,-0.012225422545322098,1784977617.8749983,0.00400783002186198,-0.004138294669589338,1784977617.855235,14135.43359375,nan,nan,50.1111946105957,nan
3.563058853149414,1784977617.919329,SMC,eight,eight_smc_tune_p02,1784977617.90136,-0.11651064131738786,0.023726837994437207,0.012814595705713803,4.083145844264357e-07,-6.103772613463493e-05,1784977617.8261194,-0.11650178809374562,0.023743171416422487,0.012225105726823218,0.09320950508117676,0,0,1784977617.915208,-0.11541775621039208,0.02373758716579101,-4.4107164642870345e-07,1784977617.9152443,0.0010929331172961924,-3.2562087184263218e-06,-0.012815036777360232,0.0010838826119861417,-1.8835907629897772e-05,-0.012225546798469647,1784977617.9152853,0.00436393266516758,-0.004140625583300602,1784977617.905377,14135.484375,nan,nan,50.16725158691406,nan
3.6028823852539062,1784977617.9591525,SMC,eight,eight_smc_tune_p02,1784977617.9511817,-0.11650910667230048,0.02372902188730928,0.012675503192064324,1.258770331506313e-06,-0.00023646303901299302,1784977617.9456923,-0.11650178809374562,0.023743171416422487,0.012225105726823218,0.013460159301757812,0,0,1784977617.9541738,-0.11524623620965954,0.02373758707754299,-5.916171837982986e-07,1784977617.954209,0.001262877577511768,-7.442587768165696e-06,-0.012676094809248122,0.0012553897946921426,-2.0932793784769552e-05,-0.012225697344007016,1784977617.9542496,0.004707005589853401,-0.004027915301686306,1784977617.955451,14135.5341796875,nan,nan,50.23748779296875,nan
3.6429357528686523,1784977617.9992058,SMC,eight,eight_smc_tune_p02,1784977617.9511817,-0.11650910667230048,0.02372902188730928,0.012675503192064324,1.258770331506313e-06,-0.00023646303901299302,1784977617.9456923,-0.11650178809374562,0.023743171416422487,0.012225105726823218,0.053513526916503906,0,0,1784977617.9947863,-0.11505609671979888,0.023737586947165226,-7.842926738055311e-07,1784977617.9948347,0.0014530017912223624,-9.852767308462843e-06,-0.012676287484738131,0.001445515074657359,-2.3257341619563707e-05,-0.012225890019497023,1784977617.9948869,0.005062747369784972,-0.004030187423352363,1784977617.955451,14135.5341796875,nan,nan,50.23748779296875,nan
3.6828343868255615,1784977618.0391045,SMC,eight,eight_smc_tune_p02,1784977618.0010068,-0.11650909590228725,0.02372902201792067,0.012667194484977133,8.740875588650902e-07,-0.0002248274963911391,1784977618.0372784,-0.11650178809374562,0.023743171416422487,0.012225105726823218,0.0018260478973388672,0,0,1784977618.0348992,-0.11485338504777695,0.023737586764853668,-1.0195716618754957e-06,1784977618.034948,0.0016556865088263413,-1.2408590721628738e-05,-0.012668214056639008,0.00164821159668418,-2.573563381203841e-05,-0.012226125298485093,1784977618.0350022,0.0054187292929235575,-0.0040346798906794375,1784977618.005418,14135.583984375,nan,nan,49.96290588378906,nan
3.7231850624084473,1784977618.0794551,SMC,eight,eight_smc_tune_p02,1784977618.051381,-0.11650784367047133,0.0237308902060374,0.012559027341456043,1.358910640888316e-06,-0.00034209452090812873,1784977618.0372784,-0.11650178809374562,0.023743171416422487,0.012225105726823218,0.04217672348022461,0,0,1784977618.0743785,-0.11464007822462792,0.023737586518024625,-1.300425799488636e-06,1784977618.0744174,0.0018677022441893954,-1.6760916763807045e-05,-0.012560327767255531,0.0018615024773195735,-2.8343514133554594e-05,-0.012226406152622707,1784977618.0744634,0.0057718531238325245,-0.0039559911496663625,1784977618.0573382,14135.6357421875,nan,nan,51.85555648803711,nan
3.762681722640991,1784977618.1189518,SMC,eight,eight_smc_tune_p02,1784977618.101166,-0.1165078326825674,0.023730890338451334,0.012547033582648153,9.47036264766133e-07,-0.0003252924117576373,1784977618.0372784,-0.11650178809374562,0.023743171416422487,0.012225105726823218,0.08167338371276855,0,0,1784977618.1144028,-0.11441212647377952,0.023737586183823062,-1.6382827191518956e-06,1784977618.114443,0.002095625260271707,-1.959888793904658e-05,-0.012548671865367305,0.0020894371902341275,-3.1130513151001646e-05,-0.01222674400954237,1784977618.1144855,0.006129275053281509,-0.003961919580291552,1784977618.1063297,14135.685546875,nan,nan,48.91594314575195,nan
3.802927255630493,1784977618.1591973,SMC,eight,eight_smc_tune_p02,1784977618.1511962,-0.11650678346355729,0.023732530889924112,0.012463781678193186,1.3287946022271734e-06,-0.0004029740767199639,1784977618.147935,-0.11650178809374562,0.023743171416422487,0.012225105726823218,0.01126241683959961,0,0,1784977618.154428,-0.11416979822810194,0.023737585739014234,-2.0401843862094537e-06,1784977618.1544685,0.0023368667182262315,-2.4072463151561796e-05,-0.012465821862579397,0.0023317473223324328,-3.409337255891293e-05,-0.012227145911209427,1784977618.1545098,0.006489957309475079,-0.003907731251766987,1784977618.15568,14135.734375,nan,nan,49.5184326171875,nan
3.843165636062622,1784977618.1994357,SMC,eight,eight_smc_tune_p02,1784977618.1511962,-0.11650678346355729,0.023732530889924112,0.012463781678193186,1.3287946022271734e-06,-0.0004029740767199639,1784977618.147935,-0.11650178809374562,0.023743171416422487,0.012225105726823218,0.051500797271728516,0,0,1784977618.1948903,-0.11391327239405828,0.023737585155984772,-2.5136224423016884e-06,1784977618.1949377,0.0025933726201489214,-2.7270245345967817e-05,-0.012466295300635487,0.0025882539801827392,-3.722993287264404e-05,-0.012227619349265518,1784977618.1949885,0.006853654879538176,-0.003911520078384452,1784977618.15568,14135.734375,nan,nan,49.5184326171875,nan
3.8826096057891846,1784977618.2388797,SMC,eight,eight_smc_tune_p02,1784977618.201111,-0.11650677129413767,0.023732531037127205,0.012449501931507324,9.292626679052689e-07,-0.0003833330072265528,1784977618.2331512,-0.11650178809374562,0.023743171416422487,0.012225105726823218,0.005728483200073242,0,0,1784977618.2355452,-0.11364573060005839,0.023737584411597006,-3.0599718132684472e-06,1784977618.2355955,0.002860881890823759,-3.0564628704215466e-05,-0.012452561903320591,0.002855775772841665,-4.050132245328609e-05,-0.012228165698636486,1784977618.2356439,0.007215863354544173,-0.003918839278206937,1784977618.2064378,14135.78515625,nan,nan,50.668575286865234,nan
3.922609567642212,1784977618.2788796,SMC,eight,eight_smc_tune_p02,1784977618.250992,-0.1165059231971302,0.023733924354194153,0.01238712749280557,1.1382468789391065e-06,-0.0004266365495019001,1784977618.2331512,-0.11650178809374562,0.023743171416422487,0.012225105726823218,0.045728445053100586,0,0,1784977618.274851,-0.11336370203523795,0.023737583460588373,-3.694030077383559e-06,1784977618.2748902,0.003142025416968272,-3.526327308184028e-05,-0.012390821522882954,0.003137783251261527,-4.3950016532890994e-05,-0.012228799756900603,1784977618.274933,0.007581278625427123,-0.0038861521799395332,1784977618.258387,14135.8369140625,nan,nan,51.85906982421875,nan
3.962831974029541,1784977618.319102,SMC,eight,eight_smc_tune_p02,1784977618.3015776,-0.11650591333147382,0.023733924473759736,0.01237182204512577,7.911124465979061e-07,-0.00040562679872818,1784977618.2331512,-0.11650178809374562,0.023743171416422487,0.012225105726823218,0.08595085144042969,0,0,1784977618.3148637,-0.1130696873252322,0.02373758226956791,-4.4185507521721235e-06,1784977618.3149118,0.0034360082842609654,-3.885377628258332e-05,-0.012376240595877943,0.003431775976259811,-4.754547884862173e-05,-0.01222952427757539,1784977618.3149693,0.007946852441343043,-0.0038944305353091103,1784977618.3074138,14135.88671875,nan,nan,49.05583572387695,nan
4.003424167633057,1784977618.3596942,SMC,eight,eight_smc_tune_p02,1784977618.351501,-0.11650497297739058,0.02373510799976916,0.012328089430448143,1.1430440543359538e-06,-0.00042406897411068,1784977618.3459718,-0.11650046999109806,0.023742808171040727,0.01222962108541685,0.013722419738769531,0,0,1784977618.3545856,-0.11276323034021975,0.02373758079098134,-5.2427431984636286e-06,1784977618.3546271,0.0037414887864210323,-4.3654766111081366e-05,-0.012333332173646606,0.003736896249510047,-5.093087469385761e-05,-0.012234863828615314,1784977618.3546722,0.008313083451115807,-0.0038784286548516045,1784977618.356096,14135.9345703125,nan,nan,48.69821548461914,nan
4.042875289916992,1784977618.3991454,SMC,eight,eight_smc_tune_p02,1784977618.351501,-0.11650497297739058,0.02373510799976916,0.012328089430448143,1.1430440543359538e-06,-0.00042406897411068,1784977618.3459718,-0.11650046999109806,0.023742808171040727,0.01222962108541685,0.05317354202270508,0,0,1784977618.3948936,-0.11244174450616101,0.02373757895644076,-6.1830629090042785e-06,1784977618.3949432,0.004062950168177267,-4.761980623419231e-05,-0.012334272493357147,0.004058358020138773,-5.486426102754415e-05,-0.012235804148325855,1784977618.3949974,0.008683213045982978,-0.0038841184268365078,1784977618.356096,14135.9345703125,nan,nan,48.69821548461914,nan
4.083389520645142,1784977618.4396596,SMC,eight,eight_smc_tune_p02,1784977618.4010193,-0.1165049632583469,0.023735108117656334,0.012313271682957514,7.994478993397607e-07,-0.00040335175400718257,1784977618.4247563,-0.11650046999109806,0.023742808171040727,0.01222962108541685,0.01490330696105957,0,0,1784977618.4348261,-0.11210653339137244,0.02373757670799542,-7.246084312684253e-06,1784977618.4348633,0.004398126829220932,-5.1689290169784664e-05,-0.012320517767270198,0.004393544040046937,-5.896591203351755e-05,-0.012236867169729534,1784977618.4349043,0.00905547961238936,-0.0038937135024089513,1784977618.408692,14135.9873046875,nan,nan,52.55092239379883,nan
4.1232593059539795,1784977618.4795294,SMC,eight,eight_smc_tune_p02,1784977618.451341,-0.11650420682171458,0.023736106926631632,0.012281573741221439,9.68571669101682e-07,-0.00040523445922513684,1784977618.4247563,-0.11650046999109806,0.023742808171040727,0.01222962108541685,0.05477309226989746,0,0,1784977618.475244,-0.11175938167530697,0.023737573988611944,-8.435811640006285e-06,1784977618.4752998,0.004744485320560217,-5.68055036200766e-05,-0.012290009552861445,0.004740669762544039,-6.321405933147999e-05,-0.012238056897056857,1784977618.475355,0.009427857294816816,-0.003889508419392445,1784977618.4565532,14136.03515625,nan,nan,47.73493957519531,nan
4.162783145904541,1784977618.5190532,SMC,eight,eight_smc_tune_p02,1784977618.501135,-0.11650419937854851,0.023736107017067923,0.012267415267077307,6.772660079912704e-07,-0.00038526400490590654,1784977618.4247563,-0.11650046999109806,0.023742808171040727,0.01222962108541685,0.09429693222045898,0,0,1784977618.5145006,-0.11140249011853523,0.023737570745709223,-9.753154264102726e-06,1784977618.5145438,0.005101343343764067,-6.111959784619495e-05,-0.01227716842134141,0.005097534590991222,-6.758184170162955e-05,-0.012239374239680953,1784977618.5145934,0.009798415652160527,-0.003899843129813077,1784977618.50765,14136.0869140625,nan,nan,51.26660919189453,nan
4.202749013900757,1784977618.559019,SMC,eight,eight_smc_tune_p02,1784977618.5510519,-0.11650369547006839,0.023736860379171405,0.012263448200882055,7.910378597329297e-07,-0.00035381259009002676,1784977618.5470679,-0.11650130534219733,0.023741743814744025,0.012293779217457666,0.011951208114624023,0,0,1784977618.5548794,-0.11102464959195303,0.023737566780792977,-1.1251940737477819e-05,1784977618.5549216,0.005478642543204352,-6.64839626340122e-05,-0.012274700141619535,0.005476190542536641,-7.150381898035064e-05,-0.012305031158195144,1784977618.5549667,0.010178426524464176,-0.003918979600055485,1784977618.5573554,14136.13671875,nan,nan,49.81489562988281,nan
4.242688179016113,1784977618.5989583,SMC,eight,eight_smc_tune_p02,1784977618.5510519,-0.11650369547006839,0.023736860379171405,0.012263448200882055,7.910378597329297e-07,-0.00035381259009002676,1784977618.5470679,-0.11650130534219733,0.023741743814744025,0.012293779217457666,0.05189037322998047,0,0,1784977618.594653,-0.11064123572336354,0.02373756215761408,-1.2882304837424918e-05,1784977618.5946987,0.005862027524240204,-7.119044372637814e-05,-0.01227633050571948,0.005859575380643785,-7.622192852676452e-05,-0.01230666152229509,1784977618.594749,0.010552532967671014,-0.003926931214530253,1784977618.5573554,14136.13671875,nan,nan,49.81489562988281,nan
4.2826621532440186,1784977618.6389322,SMC,eight,eight_smc_tune_p02,1784977618.601172,-0.11650368828269295,0.023736860467123585,0.012250900562831311,5.524031926487915e-07,-0.00033647101650537164,1784977618.6290011,-0.11650130594713458,0.02374222701713004,0.012292895738379692,0.009931087493896484,0,0,1784977618.6348445,-0.11023790690622236,0.02373755659604592,-1.4716365887013083e-05,1784977618.6348858,0.006265319711809353,-7.606346780360562e-05,-0.012265616928718324,0.006262868387650759,-8.166344040026459e-05,-0.012307612104266707,1784977618.634929,0.010934718248565652,-0.003938388802115053,1784977618.6101766,14136.189453125,nan,nan,52.700592041015625,nan
4.322937250137329,1784977618.6792073,SMC,eight,eight_smc_tune_p02,1784977618.6513891,-0.11650328280759668,0.023737560635846682,0.012250114096118751,6.106246767853609e-07,-0.0003058028444738104,1784977618.6290011,-0.11650130594713458,0.02374222701713004,0.012292895738379692,0.05020618438720703,0,0,1784977618.674512,-0.10982875442309434,0.023737550172959525,-1.6701594222068298e-05,1784977618.674547,0.006674027455060047,-8.17721513822349e-05,-0.01226681569034082,0.006671989877614562,-8.669940514186261e-05,-0.01230959733260176,1784977618.6745858,0.011311593522260618,-0.003959626774142723,1784977618.6596534,14136.23828125,nan,nan,49.25754165649414,nan
4.362942695617676,1784977618.7192128,SMC,eight,eight_smc_tune_p02,1784977618.7014267,-0.11650327782587189,0.023737560696935698,0.012239345676688185,4.2547285453749724e-07,-0.00029067957673154047,1784977618.6290011,-0.11650130594713458,0.02374222701713004,0.012292895738379692,0.09021162986755371,0,0,1784977618.7152681,-0.10939571640440912,0.023737542461059493,-1.893950961151525e-05,1784977618.7153118,0.007107028842944177,-8.700796376143993e-05,-0.0122582851862997,0.007104995082580673,-9.203027360289487e-05,-0.012311835247991206,1784977618.7153594,0.011699786576365744,-0.003971952741322102,1784977618.6596534,14136.23828125,nan,nan,49.25754165649414,nan
4.403294086456299,1784977618.7595642,SMC,eight,eight_smc_tune_p02,1784977618.75121,-0.11650291272363596,0.023738053962605324,0.01223040127501852,7.2051916073077e-07,-0.00028327045882254746,1784977618.7453434,-0.11650132803028787,0.023741256654765907,0.012249685783219945,0.014220714569091797,0,0,1784977618.754848,-0.10895842852049915,0.02373753365894779,-2.134214275284485e-05,1784977618.7548902,0.00754391358459005,-9.279003359396386e-05,-0.012251743417771363,0.007542287988331497,-9.611855460390962e-05,-0.01227102792597279,1784977618.7552278,0.012081532025049092,-0.003982317342969286,1784977618.6596534,14136.23828125,nan,nan,49.25754165649414,nan
4.442960739135742,1784977618.7992308,SMC,eight,eight_smc_tune_p02,1784977618.75121,-0.11650291272363596,0.023738053962605324,0.01223040127501852,7.2051916073077e-07,-0.00028327045882254746,1784977618.7453434,-0.11650132803028787,0.023741256654765907,0.012249685783219945,0.053887367248535156,0,0,1784977618.794634,-0.10850936844678419,0.023737523493196206,-2.3958758325948182e-05,1784977618.794675,0.007992939948582958,-9.82922465617397e-05,-0.012254360033344468,0.007991314246133438,-0.00010162942682326087,-0.012273644541545893,1784977618.7947202,0.01246383983683495,-0.003993038697423944,1784977618.7658765,14136.3447265625,nan,nan,2.903251886367798,nan
4.482572317123413,1784977618.8388424,SMC,eight,eight_smc_tune_p02,1784977618.8013744,-0.1165029307950671,0.023738053741442257,0.012224451657766146,3.3497783725855547e-07,-0.0002554437341020616,1784977618.8256712,-0.11649916757805906,0.023754589922295576,0.01225482788913116,0.013171195983886719,0,0,1784977618.8347127,-0.10804174909551369,0.02373751162133927,-2.6844314286011972e-05,1784977618.8347545,0.008460542872741889,-0.00010397281013910662,-0.012251295972052158,0.00845657413312829,-0.00012071863223682216,-0.012281672203417172,1784977618.834799,0.012852316933247714,-0.004013694583220583,1784977618.8150163,14136.3935546875,nan,nan,48.99441146850586,nan
4.523158073425293,1784977618.8794281,SMC,eight,eight_smc_tune_p02,1784977618.8511612,-0.11650229180075082,0.02374020190888198,0.012223385044666458,5.736888860701844e-07,-0.00023299117459388158,1784977618.8256712,-0.11649916757805906,0.023754589922295576,0.01225482788913116,0.0537569522857666,0,0,1784977618.8749957,-0.10756067104653629,0.023737497958841846,-2.9984130750171367e-05,1784977618.875035,0.008940919723048243,-0.00011199789976988312,-0.01225336917541663,0.00893761589078571,-0.00012662767483502708,-0.012284812019881332,1784977618.8750775,0.013242467358283334,-0.004035132808959908,1784977618.8576303,14136.4365234375,nan,nan,42.719017028808594,nan
4.563190460205078,1784977618.9194605,SMC,eight,eight_smc_tune_p02,1784977618.901256,-0.11650228589255268,0.02374020198112829,0.012215165015559366,4.105042445262292e-07,-0.00022160489213793127,1784977618.8256712,-0.11649916757805906,0.023754589922295576,0.01225482788913116,0.09378933906555176,0,0,1784977618.9145918,-0.10707043675706251,0.023737482438902027,-3.3362342031106884e-05,1784977618.914791,0.009431112261094955,-0.00011792806782500124,-0.012248527357590473,0.009427813178640245,-0.00013265078007898242,-0.012288190231162266,1784977618.9148378,0.013631076066555456,-0.004049648684521879,1784977618.9071863,14136.486328125,nan,nan,49.71392822265625,nan
4.602468729019165,1784977618.9587388,SMC,eight,eight_smc_tune_p02,1784977618.9513597,-0.11650174055717084,0.02374212183828779,0.012218456649950969,6.283408164316038e-07,-0.00019636451858898263,1784977618.9459758,-0.11649916757805906,0.023754589922295576,0.01225482788913116,0.012763023376464844,0,0,1784977618.9543397,-0.10656888044287573,0.023737464800149842,-3.700519619986853e-05,1784977618.9543772,0.009932061781381629,-0.0001260178914972565,-0.012255461846150837,0.009929331615078004,-0.00013881474996752533,-0.012291833085331029,1784977618.954418,0.014019861572859574,-0.004074722320460108,1784977618.9583924,14136.537109375,nan,nan,51.231407165527344,nan
4.6428704261779785,1784977618.9991405,SMC,eight,eight_smc_tune_p02,1784977618.9513597,-0.11650174055717084,0.02374212183828779,0.012218456649950969,6.283408164316038e-07,-0.00019636451858898263,1784977618.9459758,-0.11649916757805906,0.023754589922295576,0.01225482788913116,0.05316472053527832,0,0,1784977618.9949837,-0.1060423363880042,0.023737444264098725,-4.1032641793670166e-05,1784977618.9950233,0.010458566281768758,-0.00013247182164708278,-0.012259489291744639,0.010455835880379448,-0.00014528782973419156,-0.012295860530924829,1784977618.9950664,0.014419308547668786,-0.004088994976371547,1784977618.9583924,14136.537109375,nan,nan,51.231407165527344,nan
4.68310284614563,1784977619.039373,SMC,eight,eight_smc_tune_p02,1784977619.001115,-0.1165017344810187,0.023742121912583444,0.01221155584300557,4.4057823266898195e-07,-0.00018678967803491438,1784977618.9459758,-0.11649916757805906,0.023754589922295576,0.01225482788913116,0.09339714050292969,0,0,1784977619.0359263,-0.1055083253525404,0.023737421214400638,-4.532969791015695e-05,1784977619.035976,0.010992532057146292,-0.00013894364067734583,-0.012256885540915727,0.010989806534778056,-0.00015185492723068596,-0.012300157587041317,1784977619.0360305,0.014815909915591358,-0.004105394023768474,1784977619.0076149,14136.5859375,nan,nan,48.96156692504883,nan
4.7227654457092285,1784977619.0790355,SMC,eight,eight_smc_tune_p02,1784977619.0512516,-0.11650128900037886,0.023743773180429785,0.01221632136207811,5.821157567369608e-07,-0.0001630483320628843,1784977619.0418499,-0.11649916757805906,0.023754589922295576,0.01225482788913116,0.0371856689453125,0,0,1784977619.0756989,-0.10495967142726068,0.023737395082146895,-4.996746974872402e-05,1784977619.0757444,0.011540678441977453,-0.00014737022468930738,-0.012266288831826833,0.011538418941690607,-0.0001586045486543356,-0.012304795358879884,1784977619.0757904,0.015215045989198008,-0.004132602946825823,1784977619.0576851,14136.63671875,nan,nan,50.08180236816406,nan
4.762513875961304,1784977619.118784,SMC,eight,eight_smc_tune_p02,1784977619.1013503,-0.11650128358845165,0.023743773246634424,0.012210532540559284,4.0705232825243335e-07,-0.0001551040680707211,1784977619.0418499,-0.11649916757805906,0.023754589922295576,0.01225482788913116,0.0769340991973877,0,0,1784977619.11431,-0.10441527290302059,0.023737366576633584,-5.479256544815846e-05,1784977619.1143522,0.012085031475115412,-0.0001539791519781736,-0.012265325106007443,0.012082776238016138,-0.00016530439525729834,-0.012309620454579319,1784977619.114398,0.015603425547232663,-0.004149720934564238,1784977619.1085336,14136.6875,nan,nan,50.90450668334961,nan
4.802681922912598,1784977619.158952,SMC,eight,eight_smc_tune_p02,1784977619.1514766,-0.11650091453617202,0.023745212051147997,0.012216594160155728,5.197453413880048e-07,-0.00013253811510484644,1784977619.1456897,-0.11649916757805906,0.023754589922295576,0.01225482788913116,0.013262271881103516,0,0,1784977619.1548972,-0.1038356189430172,0.02373733326821456,-6.0174650511002355e-05,1784977619.1549397,0.012664254238294726,-0.00016260112251021257,-0.01227676881066673,0.012662386263935914,-0.0001724410828885904,-0.012315002539642163,1784977619.1549852,0.016009032665577683,-0.004178468935615332,1784977619.1085336,14136.6875,nan,nan,50.90450668334961,nan
4.842674970626831,1784977619.198945,SMC,eight,eight_smc_tune_p02,1784977619.1514766,-0.11650091453617202,0.023745212051147997,0.012216594160155728,5.197453413880048e-07,-0.00013253811510484644,1784977619.1456897,-0.11649916757805906,0.023754589922295576,0.01225482788913116,0.053255319595336914,0,0,1784977619.1949234,-0.1032521068433619,0.02373729651298071,-6.584728330805145e-05,1784977619.194969,0.013247722346296866,-0.0001697662281952165,-0.01228244144346378,0.013245854097562884,-0.000179628496729859,-0.012320675172439212,1784977619.1950197,0.01640973112733292,-0.0041962271871220196,1784977619.1597314,14136.73828125,nan,nan,51.4040641784668,nan
4.8835203647613525,1784977619.2397904,SMC,eight,eight_smc_tune_p02,1784977619.2014158,-0.11650090965218066,0.02374521211091871,0.012211891652005138,3.619997589104726e-07,-0.00012606513810399023,1784977619.2357175,-0.11649916757805906,0.023754589922295576,0.01225482788913116,0.004072904586791992,0,0,1784977619.2350507,-0.10265728716188455,0.023737255560857172,-7.189290977416274e-05,1784977619.2351084,0.013842493089240362,-0.00017700857282606226,-0.012283784561779301,0.013840628612500792,-0.00018695867614628553,-0.012326720798905323,1784977619.2351642,0.016810805428106028,-0.004215775509903236,1784977619.2091656,14136.7880859375,nan,nan,49.218074798583984,nan
4.922752618789673,1784977619.2790227,SMC,eight,eight_smc_tune_p02,1784977619.251285,-0.11650061010967533,0.023746441143243743,0.012217975857682377,4.306481835652609e-07,-0.00010647045955803497,1784977619.2357175,-0.11649916757805906,0.023754589922295576,0.01225482788913116,0.043305158615112305,0,0,1784977619.2749274,-0.10204300700713914,0.023737209409739297,-7.841511819450808e-05,1784977619.2749722,0.014456411217879198,-0.00018586929532325103,-0.012296390975876885,0.014454862075719065,-0.00019453253294793855,-0.012333243007325669,1784977619.2750223,0.017217631172583354,-0.004245555727362677,1784977619.2625566,14136.8408203125,nan,nan,53.133758544921875,nan
4.963441848754883,1784977619.319712,SMC,eight,eight_smc_tune_p02,1784977619.3013284,-0.11650060629359399,0.023746441189959014,0.012214203573865087,2.9931974786556083e-07,-0.000101220921786284,1784977619.2357175,-0.11649916757805906,0.023754589922295576,0.01225482788913116,0.08399438858032227,0,0,1784977619.3148422,-0.10142283826635072,0.02373715866312124,-8.528723743339572e-05,1784977619.314883,0.015076529963624918,-0.00019344018347767524,-0.012299490811298483,0.01507498362649393,-0.00020218314670691594,-0.012340115126564556,1784977619.314926,0.01762131395557528,-0.0042665525683397675,1784977619.3084574,14136.8876953125,nan,nan,46.19850158691406,nan
5.002464532852173,1784977619.3587346,SMC,eight,eight_smc_tune_p02,1784977619.3511364,-0.11650035425761171,0.023747528141255515,0.012220975581822164,3.7585362023410717e-07,-8.275982408307848e-05,1784977619.3497894,-0.11649916757805906,0.023754589922295576,0.01225482788913116,0.008945226669311523,0,0,1784977619.354527,-0.100785128187527,0.023737101941606182,-9.265488636922559e-05,1784977619.3545647,0.015713925117390434,-0.00020247603452120053,-0.01231363046819139,0.015712645124914937,-0.00021005469561222057,-0.012347482775500386,1784977619.354606,0.018029413251121906,-0.004297681333539754,1784977619.3583956,14136.9375,nan,nan,50.06235122680664,nan
5.042877197265625,1784977619.3991473,SMC,eight,eight_smc_tune_p02,1784977619.3511364,-0.11650035425761171,0.023747528141255515,0.012220975581822164,3.7585362023410717e-07,-8.275982408307848e-05,1784977619.3497894,-0.11649916757805906,0.023754589922295576,0.01225482788913116,0.04935789108276367,0,0,1784977619.3951926,-0.10012599460071843,0.02373703827210261,-0.00010059099136061622,1784977619.3952284,0.01637300870518733,-0.00021059475422953696,-0.01232156657318278,0.016371728437496794,-0.00021819572681605723,-0.012355418880491777,1784977619.3952682,0.01844428026756534,-0.004319992719313567,1784977619.3583956,14136.9375,nan,nan,50.06235122680664,nan
5.0829527378082275,1784977619.4392228,SMC,eight,eight_smc_tune_p02,1784977619.4018586,-0.11650035043513833,0.023747528188060092,0.012217981965896837,2.631226561438847e-07,-7.872906612095861e-05,1784977619.4256067,-0.11649916757805906,0.023754589922295576,0.01225482788913116,0.013616085052490234,0,0,1784977619.4347847,-0.09946909892386742,0.023736969507688523,-0.00010882477172391436,1784977619.4348288,0.01702985131972109,-0.0002186402389605116,-0.012326806737620752,0.017028573945728858,-0.0002263144280329242,-0.012363652660855075,1784977619.434924,0.01885109824897862,-0.004343312076060063,1784977619.4176822,14136.99609375,nan,nan,59.08879470825195,nan
5.123291015625,1784977619.479561,SMC,eight,eight_smc_tune_p02,1784977619.4514627,-0.11650014920869557,0.023748441575105965,0.012223801978930762,2.920693960194732e-07,-6.408671038046278e-05,1784977619.4256067,-0.11649916757805906,0.023754589922295576,0.01225482788913116,0.053954362869262695,0,0,1784977619.474593,-0.09879408304656659,0.023736893098913126,-0.00011762331549347581,1784977619.474638,0.01770460218380971,-0.00022797767002897634,-0.012341425294424238,0.017703538200096628,-0.00023466282741677158,-0.012372451204624636,1784977619.4746876,0.019262602810692534,-0.004375189929255984,1784977619.4714837,14137.0498046875,nan,nan,53.823787689208984,nan
5.162630319595337,1784977619.5189004,SMC,eight,eight_smc_tune_p02,1784977619.5014985,-0.11650014647974313,0.02374844160851957,0.01222154110387031,2.0080399927262735e-07,-6.086269994635372e-05,1784977619.4256067,-0.11649916757805906,0.023754589922295576,0.01225482788913116,0.09329366683959961,0,0,1784977619.514758,-0.09809927238177152,0.023736808123491264,-0.0001270373502116895,1784977619.514798,0.01839935770640456,-0.00023651405697705776,-0.012348578454082,0.01839829565059851,-0.0002432623684458557,-0.012381865239342852,1784977619.5148408,0.019679703176595422,-0.00440070789711115,1784977619.508712,14137.087890625,nan,nan,37.29275131225586,nan
5.202715158462524,1784977619.5589852,SMC,eight,eight_smc_tune_p02,1784977619.5514908,-0.11649997118200903,0.023749304155996763,0.012236312894362519,2.558457796517448e-07,-3.577929155101198e-05,1784977619.547669,-0.11649914950975393,0.023754909926679377,0.012292157138205174,0.011316299438476562,0,0,1784977619.5544322,-0.09740222786574945,0.02373671617544347,-0.00013684608765307527,1784977619.5544693,0.019096159580193686,-0.00024626716949005826,-0.012373158982015593,0.019095255282354815,-0.0002529288270074526,-0.01242900322585825,1784977619.5545106,0.02009185953547018,-0.0044414858740987415,1784977619.5582957,14137.1376953125,nan,nan,49.73478317260742,nan
5.243216276168823,1784977619.5994864,SMC,eight,eight_smc_tune_p02,1784977619.5514908,-0.11649997118200903,0.023749304155996763,0.012236312894362519,2.558457796517448e-07,-3.577929155101198e-05,1784977619.547669,-0.11649914950975393,0.023754909926679377,0.012292157138205174,0.05181741714477539,0,0,1784977619.5948327,-0.09668046582303644,0.023736613624528446,-0.00014738736462527324,1784977619.5948792,0.019817866335006956,-0.00025520119852806783,-0.012383700258987792,0.019816961537128638,-0.00026190315919950917,-0.012439544502830448,1784977619.5949273,0.020512413567436376,-0.004468451373199355,1784977619.5582957,14137.1376953125,nan,nan,49.73478317260742,nan
5.282647371292114,1784977619.6389174,SMC,eight,eight_smc_tune_p02,1784977619.601165,-0.11649996873793254,0.023749304186011105,0.012235056097452058,1.8023891048261205e-07,-3.4035022487943814e-05,1784977619.6258588,-0.11649914950975393,0.023754909926679377,0.012292157138205174,0.013058662414550781,0,0,1784977619.634945,-0.09594989477586585,0.023736501928806657,-0.00015845596635555292,1784977619.6350002,0.020548379210749937,-0.0002642263337003017,-0.012393512063807609,0.02054747601845421,-0.0002709949144476661,-0.012450613104560727,1784977619.6350584,0.020931976194433554,-0.004496552296857265,1784977619.6109707,14137.189453125,nan,nan,52.59429168701172,nan
5.3229076862335205,1784977619.6791778,SMC,eight,eight_smc_tune_p02,1784977619.6512375,-0.11649982861954358,0.023750030768143734,0.012246869952934622,2.0467204161923623e-07,-1.6025778332227482e-05,1784977619.6258588,-0.11649914950975393,0.023754909926679377,0.012292157138205174,0.05331897735595703,0,0,1784977619.6746519,-0.09521085963164092,0.02373638056131515,-0.00017006094978755382,1784977619.6746917,0.021287205317954135,-0.0002743659003835538,-0.012416930902722176,0.02128645383850789,-0.0002802003801258325,-0.012462218087992727,1784977619.6747355,0.021350439285070084,-0.004536606456649642,1784977619.6587818,14137.2373046875,nan,nan,47.58747100830078,nan
5.362952709197998,1784977619.7192228,SMC,eight,eight_smc_tune_p02,1784977619.701391,-0.11649982685699649,0.023750030789810944,0.01224630360570744,1.4334485942305173e-07,-1.5237310746491327e-05,1784977619.6258588,-0.11649914950975393,0.023754909926679377,0.012292157138205174,0.09336400032043457,0,0,1784977619.714167,-0.09446034251155772,0.023736248373939735,-0.00018226641052732087,1784977619.714201,0.022037662934418337,-0.00028367685276057435,-0.01242857001623476,0.022036912633987608,-0.00028955779956775767,-0.012474423548732497,1784977619.7142406,0.021769626921000866,-0.004566390396090532,1784977619.7134678,14137.2919921875,nan,nan,54.75071716308594,nan
5.402676582336426,1784977619.7589467,SMC,eight,eight_smc_tune_p02,1784977619.750992,-0.11649951932851961,0.023750603873850112,0.012258983055427542,2.9288278901506905e-07,2.7581517969173546e-06,1784977619.746683,-0.11649805081621695,0.02375432580996607,0.012302644766264945,0.012263774871826172,0,0,1784977619.7545576,-0.09368375733595571,0.023736101780886507,-0.0001953416136076802,1784977619.7545931,0.02281386983081078,-0.00029419203735898324,-0.012454324669035224,0.022812342774464082,-0.00029889171798899527,-0.012497986379872626,1784977619.754634,0.022197493040445694,-0.0046092661539354094,1784977619.7587245,14137.337890625,nan,nan,45.44780731201172,nan
5.44260573387146,1784977619.7988758,SMC,eight,eight_smc_tune_p02,1784977619.750992,-0.11649951932851961,0.023750603873850112,0.012258983055427542,2.9288278901506905e-07,2.7581517969173546e-06,1784977619.746683,-0.11649805081621695,0.02375432580996607,0.012302644766264945,0.05219292640686035,0,0,1784977619.7946353,-0.09290200216520694,0.023735943777646158,-0.00020896189422103806,1784977619.7946768,0.023595564323259238,-0.00030393331208083914,-0.01246794494964858,0.023594036840846735,-0.0003086671228204478,-0.012511606660485983,1784977619.7947202,0.022622550940135502,-0.004641300014195056,1784977619.7587245,14137.337890625,nan,nan,45.44780731201172,nan
5.482753038406372,1784977619.839023,SMC,eight,eight_smc_tune_p02,1784977619.8010905,-0.11649951654299917,0.023750603908132283,0.012259080900609256,2.0564903627865292e-07,2.623352807502888e-06,1784977619.8274364,-0.11647137940310148,0.023742944778142417,0.0123815087121426,0.011586666107177734,0,0,1784977619.835251,-0.0921064550344095,0.023735771869100322,-0.00022329433764556317,1784977619.8352988,0.024391046752521496,-0.00031385994891225654,-0.012482375238254819,0.02436296799051448,-0.0003088391747676107,-0.012604803049788163,1784977619.8353488,0.023049526066653014,-0.00467446009087693,1784977619.8160048,14137.39453125,nan,nan,57.153411865234375,nan
5.522636413574219,1784977619.8789065,SMC,eight,eight_smc_tune_p02,1784977619.851096,-0.11649482546012073,0.02374962102251911,0.012286911110151589,2.6690855972700842e-06,3.741435476508938e-05,1784977619.8274364,-0.11647137940310148,0.023742944778142417,0.0123815087121426,0.051470041275024414,0,0,1784977619.8747773,-0.09129727064843424,0.02373558512022267,-0.00023836086575712567,1784977619.874834,0.025195480367516884,-0.0003236271690843422,-0.012525271975908714,0.02517208804041389,-0.00031904457687119463,-0.012619869577899727,1784977619.8749003,0.02347774087960145,-0.004731724979230656,1784977619.8607264,14137.4384765625,nan,nan,43.68015670776367,nan
5.562892198562622,1784977619.9191623,SMC,eight,eight_smc_tune_p02,1784977619.9014068,-0.11649480146749498,0.023749621319331473,0.01228823897095177,1.8736890303267808e-06,3.557098536349516e-05,1784977619.8274364,-0.11647137940310148,0.023742944778142417,0.0123815087121426,0.09172582626342773,0,0,1784977619.9144948,-0.09047639371585584,0.023735383010123283,-0.00025414847893301395,1784977619.9145322,0.02601626841660115,-0.00033394960003953786,-0.012542387449884784,0.02599289955049366,-0.0003294101066877859,-0.012635657191075612,1784977619.9145777,0.023907334833583933,-0.004766889230507653,1784977619.9093738,14137.48828125,nan,nan,49.81976318359375,nan
5.602797746658325,1784977619.9590678,SMC,eight,eight_smc_tune_p02,1784977619.9514315,-0.11649077435819227,0.02374874308950369,0.012310861712435851,3.769426860747242e-06,6.164487544621545e-05,1784977619.9459567,-0.11647137940310148,0.023742944778142417,0.0123815087121426,0.013111114501953125,0,0,1784977619.9542222,-0.08964655095046307,0.023735165306653414,-0.00027062396082511153,1784977619.9542592,0.026842022064209714,-0.0003440439285067884,-0.012581485673260962,0.02682267601309309,-0.00033990223638040326,-0.012652132672967711,1784977619.9543047,0.024335857489976066,-0.004821089440581929,1784977619.9093738,14137.48828125,nan,nan,49.81976318359375,nan
5.643010854721069,1784977619.999281,SMC,eight,eight_smc_tune_p02,1784977619.9514315,-0.11649077435819227,0.02374874308950369,0.012310861712435851,3.769426860747242e-06,6.164487544621545e-05,1784977619.9459567,-0.11647137940310148,0.023742944778142417,0.0123815087121426,0.053324222564697266,0,0,1784977619.9953787,-0.08877979510644471,0.023734923085029495,-0.00028838575067302585,1784977619.9954588,0.027708709245581303,-0.00035495637357956374,-0.012599247463108879,0.02768936242137036,-0.0003508759102749438,-0.012669894462815625,1784977619.9955194,0.024778570780275618,-0.004859841970367228,1784977619.9593735,14137.5380859375,nan,nan,49.685665130615234,nan
5.683285474777222,1784977620.0395555,SMC,eight,eight_smc_tune_p02,1784977620.0012784,-0.11649073977678004,0.02374874351836544,0.012313033526869712,2.636273837399097e-06,5.862626925546465e-05,1784977620.0344386,-0.11647137940310148,0.023742944778142417,0.0123815087121426,0.005116939544677734,0,0,1784977620.034644,-0.08793373432950875,0.023734671566005158,-0.0003062689730088941,1784977620.0346959,0.028554667435434306,-0.0003656853662274486,-0.012619302499878606,0.028535355233727144,-0.00036160265125073795,-0.012687777685151492,1784977620.0347445,0.025205634245965416,-0.004897819840100337,1784977620.0094967,14137.587890625,nan,nan,50.105194091796875,nan
5.723278045654297,1784977620.0795481,SMC,eight,eight_smc_tune_p02,1784977620.0510316,-0.11648746367229568,0.023747992408254887,0.01233038526408072,3.6916063179483003e-06,7.523352761036577e-05,1784977620.0344386,-0.11647137940310148,0.023742944778142417,0.0123815087121426,0.04510951042175293,0,0,1784977620.0755813,-0.08704160348671995,0.023734389706651357,-0.00032570987101188104,1784977620.0756402,0.02944345404088935,-0.00037667126782044646,-0.012656095135092601,0.02942741420502138,-0.00037293013257793127,-0.01270721858315448,1784977620.0756989,0.025650364403633944,-0.0049512915036426155,1784977620.0598373,14137.638671875,nan,nan,50.36598587036133,nan
5.7628302574157715,1784977620.1191003,SMC,eight,eight_smc_tune_p02,1784977620.1012945,-0.11648743101335741,0.023747992813462473,0.01233305882721147,2.5771012783563832e-06,7.153618301366018e-05,1784977620.0344386,-0.11647137940310148,0.023742944778142417,0.0123815087121426,0.08466172218322754,0,0,1784977620.1148417,-0.0861630966145198,0.023734094944434278,-0.0003454397368378714,1784977620.1148837,0.03032185679774327,-0.00038787913122484186,-0.012678498564049344,0.03030585009025011,-0.0003841018347787878,-0.012726948448980471,1784977620.1149337,0.02608372329863593,-0.004991987288333603,1784977620.1097322,14137.6884765625,nan,nan,50.0677375793457,nan
5.803022146224976,1784977620.1592922,SMC,eight,eight_smc_tune_p02,1784977620.1514132,-0.11648466287350563,0.02374732736324797,0.012346191129401971,3.5087540169988655e-06,8.185560795579894e-05,1784977620.1482868,-0.11647137940310148,0.023742944778142417,0.0123815087121426,0.011005401611328125,0,0,1784977620.1550016,-0.08525821601080696,0.02373377293959736,-0.00036636986494265056,1784977620.1550415,0.031223899652455922,-0.0003990712777273653,-0.012712560994344622,0.03121065734815154,-0.00039562731575454,-0.01274787857708525,1784977620.1550827,0.02652481628119767,-0.005043538833050065,1784977620.1097322,14137.6884765625,nan,nan,50.0677375793457,nan
5.842671155929565,1784977620.1989412,SMC,eight,eight_smc_tune_p02,1784977620.1514132,-0.11648466287350563,0.02374732736324797,0.012346191129401971,3.5087540169988655e-06,8.185560795579894e-05,1784977620.1482868,-0.11647137940310148,0.023742944778142417,0.0123815087121426,0.05065441131591797,0,0,1784977620.1948397,-0.08434861232519861,0.02373342988386433,-0.0003880311906476752,1784977620.194879,0.032133429778887494,-0.00041064416297290334,-0.012734222320049645,0.03212018706528954,-0.0004072323233983491,-0.012769539902790275,1784977620.1949253,0.026963720624054482,-0.005087691400594034,1784977620.159687,14137.73828125,nan,nan,49.90353775024414,nan
5.883392095565796,1784977620.2396622,SMC,eight,eight_smc_tune_p02,1784977620.2010312,-0.11648463080041346,0.023747327761160855,0.012349061596425471,2.4503956179020096e-06,7.785407912803464e-05,1784977620.2358909,-0.11647137940310148,0.023742944778142417,0.0123815087121426,0.0037713050842285156,0,0,1784977620.2346349,-0.08342774489939203,0.023733062217965655,-0.0004105961357430133,1784977620.2346787,0.033054189195110495,-0.0004224756001388273,-0.012759657732168484,0.033040979354558006,-0.0004190013978555618,-0.012792104847885613,1784977620.2347248,0.02740332255479073,-0.0051324530330290954,1784977620.2096262,14137.7880859375,nan,nan,49.99814987182617,nan
5.922806739807129,1784977620.2790768,SMC,eight,eight_smc_tune_p02,1784977620.2510402,-0.11648238485961902,0.02374675942409033,0.012358723613450263,2.988698558365878e-06,8.285351042101007e-05,1784977620.2358909,-0.11647137940310148,0.023742944778142417,0.0123815087121426,0.04318594932556152,0,0,1784977620.2753735,-0.0824724438387149,0.023732658525833984,-0.0004346806460520103,1784977620.275422,0.0340071694832698,-0.0004344085828712507,-0.012793404259502273,0.03399620219331465,-0.0004312328252414675,-0.01281618935819461,1784977620.2754753,0.02785426521273355,-0.005185380227348945,1784977620.259692,14137.8388671875,nan,nan,50.14127731323242,nan
